Copyright 1986-2022 Xilinx, Inc. All Rights Reserved. Copyright 2022-2026 Advanced Micro Devices, Inc. All Rights Reserved.
------------------------------------------------------------------------------------------------------------------------------------------------------------------------------------
| Tool Version : Vivado v.2026.1 (win64) Build 6511674 Tue Jun 16 11:02:23 MDT 2026
| Date         : Fri Sep 25 22:18:03 2026
| Host         : Abhay_PC running 64-bit major release  (build 9200)
| Command      : report_timing_summary -max_paths 10 -report_unconstrained -file {C:/Users/abhay/OneDrive/Documents/projects/Trade CPU/checkpoints/reports/impl_timing_summary.rpt}
| Design       : tradecpu_top
| Device       : 7s50-csga324
| Speed File   : -2  PRODUCTION 1.23 2018-06-13
| Design State : Routed
------------------------------------------------------------------------------------------------------------------------------------------------------------------------------------

Timing Summary Report

------------------------------------------------------------------------------------------------
| Timer Settings
| --------------
------------------------------------------------------------------------------------------------

  Enable Multi Corner Analysis               :  Yes
  Enable Pessimism Removal                   :  Yes
  Pessimism Removal Resolution               :  Nearest Common Node
  Enable Input Delay Default Clock           :  No
  Enable Preset / Clear Arcs                 :  No
  Disable Flight Delays                      :  No
  Ignore I/O Paths                           :  No
  Timing Early Launch at Borrowing Latches   :  No
  Borrow Time for Max Delay Exceptions       :  Yes
  Merge Timing Exceptions                    :  Yes
  Inter-SLR Compensation                     :  Conservative

  Corner  Analyze    Analyze    
  Name    Max Paths  Min Paths  
  ------  ---------  ---------  
  Slow    Yes        Yes        
  Fast    Yes        Yes        


------------------------------------------------------------------------------------------------
| Report Methodology
| ------------------
------------------------------------------------------------------------------------------------

No report available as report_methodology has not been run prior. Run report_methodology on the current design for the summary of methodology violations.



check_timing report

Table of Contents
-----------------
1. checking no_clock (0)
2. checking constant_clock (0)
3. checking pulse_width_clock (0)
4. checking unconstrained_internal_endpoints (0)
5. checking no_input_delay (2)
6. checking no_output_delay (17)
7. checking multiple_clock (0)
8. checking generated_clocks (0)
9. checking loops (0)
10. checking partial_input_delay (0)
11. checking partial_output_delay (0)
12. checking latch_loops (0)

1. checking no_clock (0)
------------------------
 There are 0 register/latch pins with no clock.


2. checking constant_clock (0)
------------------------------
 There are 0 register/latch pins with constant_clock.


3. checking pulse_width_clock (0)
---------------------------------
 There are 0 register/latch pins which need pulse_width check


4. checking unconstrained_internal_endpoints (0)
------------------------------------------------
 There are 0 pins that are not constrained for maximum delay.

 There are 0 pins that are not constrained for maximum delay due to constant clock.


5. checking no_input_delay (2)
------------------------------
 There are 0 input ports with no input delay specified.

 There are 2 input ports with no input delay but user has a false path constraint. (MEDIUM)


6. checking no_output_delay (17)
--------------------------------
 There are 0 ports with no output delay specified.

 There are 17 ports with no output delay but user has a false path constraint (MEDIUM)

 There are 0 ports with no output delay but with a timing clock defined on it or propagating through it


7. checking multiple_clock (0)
------------------------------
 There are 0 register/latch pins with multiple clocks.


8. checking generated_clocks (0)
--------------------------------
 There are 0 generated clocks that are not connected to a clock source.


9. checking loops (0)
---------------------
 There are 0 combinational loops in the design.


10. checking partial_input_delay (0)
------------------------------------
 There are 0 input ports with partial input delay specified.


11. checking partial_output_delay (0)
-------------------------------------
 There are 0 ports with partial output delay specified.


12. checking latch_loops (0)
----------------------------
 There are 0 combinational latch loops in the design through latch input



------------------------------------------------------------------------------------------------
| Design Timing Summary
| ---------------------
------------------------------------------------------------------------------------------------

    WNS(ns)      TNS(ns)  TNS Failing Endpoints  TNS Total Endpoints      WHS(ns)      THS(ns)  THS Failing Endpoints  THS Total Endpoints     WPWS(ns)     TPWS(ns)  TPWS Failing Endpoints  TPWS Total Endpoints  
    -------      -------  ---------------------  -------------------      -------      -------  ---------------------  -------------------     --------     --------  ----------------------  --------------------  
      5.310        0.000                      0                 4369        0.072        0.000                      0                 4369        3.000        0.000                       0                  1281  


All user specified timing constraints are met.


------------------------------------------------------------------------------------------------
| Clock Summary
| -------------
------------------------------------------------------------------------------------------------

Clock         Waveform(ns)       Period(ns)      Frequency(MHz)
-----         ------------       ----------      --------------
clk100        {0.000 5.000}      10.000          100.000         
  clk50_mmcm  {0.000 10.000}     20.000          50.000          
  clk_fb      {0.000 5.000}      10.000          100.000         


------------------------------------------------------------------------------------------------
| Intra Clock Table
| -----------------
------------------------------------------------------------------------------------------------

Clock             WNS(ns)      TNS(ns)  TNS Failing Endpoints  TNS Total Endpoints      WHS(ns)      THS(ns)  THS Failing Endpoints  THS Total Endpoints     WPWS(ns)     TPWS(ns)  TPWS Failing Endpoints  TPWS Total Endpoints  
-----             -------      -------  ---------------------  -------------------      -------      -------  ---------------------  -------------------     --------     --------  ----------------------  --------------------  
clk100                                                                                                                                                          3.000        0.000                       0                     1  
  clk50_mmcm        5.310        0.000                      0                 3278        0.072        0.000                      0                 3278        8.870        0.000                       0                  1278  
  clk_fb                                                                                                                                                        8.751        0.000                       0                     2  


------------------------------------------------------------------------------------------------
| Inter Clock Table
| -----------------
------------------------------------------------------------------------------------------------

From Clock    To Clock          WNS(ns)      TNS(ns)  TNS Failing Endpoints  TNS Total Endpoints      WHS(ns)      THS(ns)  THS Failing Endpoints  THS Total Endpoints  
----------    --------          -------      -------  ---------------------  -------------------      -------      -------  ---------------------  -------------------  


------------------------------------------------------------------------------------------------
| Other Path Groups Table
| -----------------------
------------------------------------------------------------------------------------------------

Path Group         From Clock         To Clock               WNS(ns)      TNS(ns)  TNS Failing Endpoints  TNS Total Endpoints      WHS(ns)      THS(ns)  THS Failing Endpoints  THS Total Endpoints  
----------         ----------         --------               -------      -------  ---------------------  -------------------      -------      -------  ---------------------  -------------------  
**async_default**  clk50_mmcm         clk50_mmcm              11.401        0.000                      0                 1091        1.002        0.000                      0                 1091  


------------------------------------------------------------------------------------------------
| User Ignored Path Table
| -----------------------
------------------------------------------------------------------------------------------------

Path Group    From Clock    To Clock    
----------    ----------    --------    
(none)        clk50_mmcm                  
(none)                      clk50_mmcm    


------------------------------------------------------------------------------------------------
| Unconstrained Path Table
| ------------------------
------------------------------------------------------------------------------------------------

Path Group    From Clock    To Clock    
----------    ----------    --------    


------------------------------------------------------------------------------------------------
| Timing Details
| --------------
------------------------------------------------------------------------------------------------


---------------------------------------------------------------------------------------------------
From Clock:  clk100
  To Clock:  clk100

Setup :           NA  Failing Endpoints,  Worst Slack           NA  ,  Total Violation           NA
Hold  :           NA  Failing Endpoints,  Worst Slack           NA  ,  Total Violation           NA
PW    :            0  Failing Endpoints,  Worst Slack        3.000ns,  Total Violation        0.000ns
---------------------------------------------------------------------------------------------------


Pulse Width Checks
--------------------------------------------------------------------------------------
Clock Name:         clk100
Waveform(ns):       { 0.000 5.000 }
Period(ns):         10.000
Sources:            { CLK_100MHZ }

Check Type        Corner  Lib Pin            Reference Pin  Required(ns)  Actual(ns)  Slack(ns)  Location         Pin
Min Period        n/a     MMCME2_ADV/CLKIN1  n/a            1.249         10.000      8.751      MMCME2_ADV_X0Y0  u_mmcm/CLKIN1
Max Period        n/a     MMCME2_ADV/CLKIN1  n/a            100.000       10.000      90.000     MMCME2_ADV_X0Y0  u_mmcm/CLKIN1
Low Pulse Width   Slow    MMCME2_ADV/CLKIN1  n/a            2.000         5.000       3.000      MMCME2_ADV_X0Y0  u_mmcm/CLKIN1
Low Pulse Width   Fast    MMCME2_ADV/CLKIN1  n/a            2.000         5.000       3.000      MMCME2_ADV_X0Y0  u_mmcm/CLKIN1
High Pulse Width  Slow    MMCME2_ADV/CLKIN1  n/a            2.000         5.000       3.000      MMCME2_ADV_X0Y0  u_mmcm/CLKIN1
High Pulse Width  Fast    MMCME2_ADV/CLKIN1  n/a            2.000         5.000       3.000      MMCME2_ADV_X0Y0  u_mmcm/CLKIN1



---------------------------------------------------------------------------------------------------
From Clock:  clk50_mmcm
  To Clock:  clk50_mmcm

Setup :            0  Failing Endpoints,  Worst Slack        5.310ns,  Total Violation        0.000ns
Hold  :            0  Failing Endpoints,  Worst Slack        0.072ns,  Total Violation        0.000ns
PW    :            0  Failing Endpoints,  Worst Slack        8.870ns,  Total Violation        0.000ns
---------------------------------------------------------------------------------------------------


Max Delay Paths
--------------------------------------------------------------------------------------
Slack (MET) :             5.310ns  (required time - arrival time)
  Source:                 u_core/u_control_unit/prog_mem_reg_2/CLKARDCLK
                            (rising edge-triggered cell RAMB18E1 clocked by clk50_mmcm  {rise@0.000ns fall@10.000ns period=20.000ns})
  Destination:            u_core/u_register_file/registers_reg[7][31]/D
                            (rising edge-triggered cell FDCE clocked by clk50_mmcm  {rise@0.000ns fall@10.000ns period=20.000ns})
  Path Group:             clk50_mmcm
  Path Type:              Setup (Max at Slow Process Corner)
  Requirement:            20.000ns  (clk50_mmcm rise@20.000ns - clk50_mmcm rise@0.000ns)
  Data Path Delay:        14.479ns  (logic 8.557ns (59.099%)  route 5.922ns (40.901%))
  Logic Levels:           11  (CARRY4=3 DSP48E1=2 LUT2=2 LUT4=1 LUT5=1 LUT6=2)
  Clock Path Skew:        -0.083ns (DCD - SCD + CPR)
    Destination Clock Delay (DCD):    5.076ns = ( 25.076 - 20.000 ) 
    Source Clock Delay      (SCD):    5.427ns
    Clock Pessimism Removal (CPR):    0.268ns
  Clock Uncertainty:      0.082ns  ((TSJ^2 + DJ^2)^1/2) / 2 + PE
    Total System Jitter     (TSJ):    0.071ns
    Discrete Jitter          (DJ):    0.147ns
    Phase Error              (PE):    0.000ns

    Location             Delay type                Incr(ns)  Path(ns)    Netlist Resource(s)
  -------------------------------------------------------------------    -------------------
                         (clock clk50_mmcm rise edge)
                                                      0.000     0.000 r  <hidden>
    N15                                               0.000     0.000 r  CLK_100MHZ
                         net (fo=0)                   0.000     0.000    CLK_100MHZ
    N15                  IBUF (Prop_ibuf_I_O)         1.371     1.371 r  CLK_100MHZ_IBUF_inst/O
                         net (fo=1, routed)           1.065     2.436    CLK_100MHZ_IBUF
    MMCME2_ADV_X0Y0      MMCME2_ADV (Prop_mmcme2_adv_CLKIN1_CLKOUT0)
                                                      0.077     2.513 r  u_mmcm/CLKOUT0
                         net (fo=1, routed)           1.425     3.938    clk50_mmcm
    BUFGCTRL_X0Y0        BUFG (Prop_bufg_I_O)         0.081     4.019 r  u_bufg_clk50/O
                         net (fo=1276, routed)        1.407     5.427    u_core/u_control_unit/CLK
    RAMB18_X0Y15         RAMB18E1                                     r  u_core/u_control_unit/prog_mem_reg_2/CLKARDCLK
  -------------------------------------------------------------------    -------------------
    RAMB18_X0Y15         RAMB18E1 (Prop_ramb18e1_CLKARDCLK_DOBDO[6])
                                                      2.125     7.552 r  u_core/u_control_unit/prog_mem_reg_2/DOBDO[6]
                         net (fo=1, routed)           0.626     8.178    u_core/u_control_unit/prog_mem_reg_2_n_25
    SLICE_X9Y39          LUT2 (Prop_lut2_I0_O)        0.126     8.304 r  u_core/u_control_unit/result0_i_99/O
                         net (fo=64, routed)          1.306     9.609    u_core/u_register_file/rf_raddr1[1]
    SLICE_X29Y46         LUT6 (Prop_lut6_I2_O)        0.267     9.876 r  u_core/u_register_file/result0__0_i_22/O
                         net (fo=2, routed)           0.915    10.792    u_core/u_register_file/result0__0_i_22_n_0
    SLICE_X15Y47         LUT4 (Prop_lut4_I0_O)        0.105    10.897 r  u_core/u_register_file/result0__0_i_3/O
                         net (fo=31, routed)          0.640    11.537    u_core/u_alu/rf_rdata1[14]
    DSP48_X0Y17          DSP48E1 (Prop_dsp48e1_A[14]_PCOUT[47])
                                                      3.397    14.934 r  u_core/u_alu/result0__0/PCOUT[47]
                         net (fo=1, routed)           0.002    14.936    u_core/u_alu/result0__0_n_106
    DSP48_X0Y18          DSP48E1 (Prop_dsp48e1_PCIN[47]_P[4])
                                                      1.271    16.207 r  u_core/u_alu/result0__1/P[4]
                         net (fo=2, routed)           0.766    16.973    u_core/u_alu/result0__1_n_101
    SLICE_X12Y46         LUT2 (Prop_lut2_I0_O)        0.105    17.078 r  u_core/u_alu/registers[0][23]_i_10/O
                         net (fo=1, routed)           0.000    17.078    u_core/u_alu/registers[0][23]_i_10_n_0
    SLICE_X12Y46         CARRY4 (Prop_carry4_S[1]_CO[3])
                                                      0.444    17.522 r  u_core/u_alu/registers_reg[0][23]_i_5/CO[3]
                         net (fo=1, routed)           0.000    17.522    u_core/u_alu/registers_reg[0][23]_i_5_n_0
    SLICE_X12Y47         CARRY4 (Prop_carry4_CI_CO[3])
                                                      0.100    17.622 r  u_core/u_alu/registers_reg[0][27]_i_5/CO[3]
                         net (fo=1, routed)           0.000    17.622    u_core/u_alu/registers_reg[0][27]_i_5_n_0
    SLICE_X12Y48         CARRY4 (Prop_carry4_CI_O[3])
                                                      0.262    17.884 r  u_core/u_alu/registers_reg[0][31]_i_14/O[3]
                         net (fo=1, routed)           0.330    18.213    u_core/u_control_unit/registers_reg[6][31][3]
    SLICE_X14Y48         LUT6 (Prop_lut6_I0_O)        0.250    18.463 r  u_core/u_control_unit/registers[0][31]_i_7/O
                         net (fo=1, routed)           0.518    18.981    u_core/u_control_unit/registers[0][31]_i_7_n_0
    SLICE_X14Y48         LUT5 (Prop_lut5_I2_O)        0.105    19.086 r  u_core/u_control_unit/registers[0][31]_i_2/O
                         net (fo=8, routed)           0.819    19.906    u_core/u_register_file/registers_reg[6][31]_0[31]
    SLICE_X15Y37         FDCE                                         r  u_core/u_register_file/registers_reg[7][31]/D
  -------------------------------------------------------------------    -------------------

                         (clock clk50_mmcm rise edge)
                                                     20.000    20.000 r  <hidden>
    N15                                               0.000    20.000 r  CLK_100MHZ
                         net (fo=0)                   0.000    20.000    CLK_100MHZ
    N15                  IBUF (Prop_ibuf_I_O)         1.306    21.306 r  CLK_100MHZ_IBUF_inst/O
                         net (fo=1, routed)           1.004    22.309    CLK_100MHZ_IBUF
    MMCME2_ADV_X0Y0      MMCME2_ADV (Prop_mmcme2_adv_CLKIN1_CLKOUT0)
                                                      0.073    22.382 r  u_mmcm/CLKOUT0
                         net (fo=1, routed)           1.357    23.740    clk50_mmcm
    BUFGCTRL_X0Y0        BUFG (Prop_bufg_I_O)         0.077    23.817 r  u_bufg_clk50/O
                         net (fo=1276, routed)        1.259    25.076    u_core/u_register_file/CLK
    SLICE_X15Y37         FDCE                                         r  u_core/u_register_file/registers_reg[7][31]/C
                         clock pessimism              0.268    25.344    <hidden>
                         clock uncertainty           -0.082    25.262    <hidden>
    SLICE_X15Y37         FDCE (Setup_fdce_C_D)       -0.047    25.215    u_core/u_register_file/registers_reg[7][31]
  -------------------------------------------------------------------
                         required time                         25.215    <hidden>
                         arrival time                         -19.906    <hidden>
  -------------------------------------------------------------------
                         slack                                  5.310    <hidden>

Slack (MET) :             5.311ns  (required time - arrival time)
  Source:                 u_core/u_control_unit/prog_mem_reg_2/CLKARDCLK
                            (rising edge-triggered cell RAMB18E1 clocked by clk50_mmcm  {rise@0.000ns fall@10.000ns period=20.000ns})
  Destination:            u_core/u_register_file/registers_reg[2][31]/D
                            (rising edge-triggered cell FDCE clocked by clk50_mmcm  {rise@0.000ns fall@10.000ns period=20.000ns})
  Path Group:             clk50_mmcm
  Path Type:              Setup (Max at Slow Process Corner)
  Requirement:            20.000ns  (clk50_mmcm rise@20.000ns - clk50_mmcm rise@0.000ns)
  Data Path Delay:        14.478ns  (logic 8.557ns (59.103%)  route 5.921ns (40.897%))
  Logic Levels:           11  (CARRY4=3 DSP48E1=2 LUT2=2 LUT4=1 LUT5=1 LUT6=2)
  Clock Path Skew:        -0.083ns (DCD - SCD + CPR)
    Destination Clock Delay (DCD):    5.076ns = ( 25.076 - 20.000 ) 
    Source Clock Delay      (SCD):    5.427ns
    Clock Pessimism Removal (CPR):    0.268ns
  Clock Uncertainty:      0.082ns  ((TSJ^2 + DJ^2)^1/2) / 2 + PE
    Total System Jitter     (TSJ):    0.071ns
    Discrete Jitter          (DJ):    0.147ns
    Phase Error              (PE):    0.000ns

    Location             Delay type                Incr(ns)  Path(ns)    Netlist Resource(s)
  -------------------------------------------------------------------    -------------------
                         (clock clk50_mmcm rise edge)
                                                      0.000     0.000 r  <hidden>
    N15                                               0.000     0.000 r  CLK_100MHZ
                         net (fo=0)                   0.000     0.000    CLK_100MHZ
    N15                  IBUF (Prop_ibuf_I_O)         1.371     1.371 r  CLK_100MHZ_IBUF_inst/O
                         net (fo=1, routed)           1.065     2.436    CLK_100MHZ_IBUF
    MMCME2_ADV_X0Y0      MMCME2_ADV (Prop_mmcme2_adv_CLKIN1_CLKOUT0)
                                                      0.077     2.513 r  u_mmcm/CLKOUT0
                         net (fo=1, routed)           1.425     3.938    clk50_mmcm
    BUFGCTRL_X0Y0        BUFG (Prop_bufg_I_O)         0.081     4.019 r  u_bufg_clk50/O
                         net (fo=1276, routed)        1.407     5.427    u_core/u_control_unit/CLK
    RAMB18_X0Y15         RAMB18E1                                     r  u_core/u_control_unit/prog_mem_reg_2/CLKARDCLK
  -------------------------------------------------------------------    -------------------
    RAMB18_X0Y15         RAMB18E1 (Prop_ramb18e1_CLKARDCLK_DOBDO[6])
                                                      2.125     7.552 r  u_core/u_control_unit/prog_mem_reg_2/DOBDO[6]
                         net (fo=1, routed)           0.626     8.178    u_core/u_control_unit/prog_mem_reg_2_n_25
    SLICE_X9Y39          LUT2 (Prop_lut2_I0_O)        0.126     8.304 r  u_core/u_control_unit/result0_i_99/O
                         net (fo=64, routed)          1.306     9.609    u_core/u_register_file/rf_raddr1[1]
    SLICE_X29Y46         LUT6 (Prop_lut6_I2_O)        0.267     9.876 r  u_core/u_register_file/result0__0_i_22/O
                         net (fo=2, routed)           0.915    10.792    u_core/u_register_file/result0__0_i_22_n_0
    SLICE_X15Y47         LUT4 (Prop_lut4_I0_O)        0.105    10.897 r  u_core/u_register_file/result0__0_i_3/O
                         net (fo=31, routed)          0.640    11.537    u_core/u_alu/rf_rdata1[14]
    DSP48_X0Y17          DSP48E1 (Prop_dsp48e1_A[14]_PCOUT[47])
                                                      3.397    14.934 r  u_core/u_alu/result0__0/PCOUT[47]
                         net (fo=1, routed)           0.002    14.936    u_core/u_alu/result0__0_n_106
    DSP48_X0Y18          DSP48E1 (Prop_dsp48e1_PCIN[47]_P[4])
                                                      1.271    16.207 r  u_core/u_alu/result0__1/P[4]
                         net (fo=2, routed)           0.766    16.973    u_core/u_alu/result0__1_n_101
    SLICE_X12Y46         LUT2 (Prop_lut2_I0_O)        0.105    17.078 r  u_core/u_alu/registers[0][23]_i_10/O
                         net (fo=1, routed)           0.000    17.078    u_core/u_alu/registers[0][23]_i_10_n_0
    SLICE_X12Y46         CARRY4 (Prop_carry4_S[1]_CO[3])
                                                      0.444    17.522 r  u_core/u_alu/registers_reg[0][23]_i_5/CO[3]
                         net (fo=1, routed)           0.000    17.522    u_core/u_alu/registers_reg[0][23]_i_5_n_0
    SLICE_X12Y47         CARRY4 (Prop_carry4_CI_CO[3])
                                                      0.100    17.622 r  u_core/u_alu/registers_reg[0][27]_i_5/CO[3]
                         net (fo=1, routed)           0.000    17.622    u_core/u_alu/registers_reg[0][27]_i_5_n_0
    SLICE_X12Y48         CARRY4 (Prop_carry4_CI_O[3])
                                                      0.262    17.884 r  u_core/u_alu/registers_reg[0][31]_i_14/O[3]
                         net (fo=1, routed)           0.330    18.213    u_core/u_control_unit/registers_reg[6][31][3]
    SLICE_X14Y48         LUT6 (Prop_lut6_I0_O)        0.250    18.463 r  u_core/u_control_unit/registers[0][31]_i_7/O
                         net (fo=1, routed)           0.518    18.981    u_core/u_control_unit/registers[0][31]_i_7_n_0
    SLICE_X14Y48         LUT5 (Prop_lut5_I2_O)        0.105    19.086 r  u_core/u_control_unit/registers[0][31]_i_2/O
                         net (fo=8, routed)           0.818    19.905    u_core/u_register_file/registers_reg[6][31]_0[31]
    SLICE_X13Y38         FDCE                                         r  u_core/u_register_file/registers_reg[2][31]/D
  -------------------------------------------------------------------    -------------------

                         (clock clk50_mmcm rise edge)
                                                     20.000    20.000 r  <hidden>
    N15                                               0.000    20.000 r  CLK_100MHZ
                         net (fo=0)                   0.000    20.000    CLK_100MHZ
    N15                  IBUF (Prop_ibuf_I_O)         1.306    21.306 r  CLK_100MHZ_IBUF_inst/O
                         net (fo=1, routed)           1.004    22.309    CLK_100MHZ_IBUF
    MMCME2_ADV_X0Y0      MMCME2_ADV (Prop_mmcme2_adv_CLKIN1_CLKOUT0)
                                                      0.073    22.382 r  u_mmcm/CLKOUT0
                         net (fo=1, routed)           1.357    23.740    clk50_mmcm
    BUFGCTRL_X0Y0        BUFG (Prop_bufg_I_O)         0.077    23.817 r  u_bufg_clk50/O
                         net (fo=1276, routed)        1.259    25.076    u_core/u_register_file/CLK
    SLICE_X13Y38         FDCE                                         r  u_core/u_register_file/registers_reg[2][31]/C
                         clock pessimism              0.268    25.344    <hidden>
                         clock uncertainty           -0.082    25.262    <hidden>
    SLICE_X13Y38         FDCE (Setup_fdce_C_D)       -0.047    25.215    u_core/u_register_file/registers_reg[2][31]
  -------------------------------------------------------------------
                         required time                         25.215    <hidden>
                         arrival time                         -19.905    <hidden>
  -------------------------------------------------------------------
                         slack                                  5.311    <hidden>

Slack (MET) :             5.319ns  (required time - arrival time)
  Source:                 u_core/u_control_unit/prog_mem_reg_2/CLKARDCLK
                            (rising edge-triggered cell RAMB18E1 clocked by clk50_mmcm  {rise@0.000ns fall@10.000ns period=20.000ns})
  Destination:            u_core/u_register_file/registers_reg[3][31]/D
                            (rising edge-triggered cell FDCE clocked by clk50_mmcm  {rise@0.000ns fall@10.000ns period=20.000ns})
  Path Group:             clk50_mmcm
  Path Type:              Setup (Max at Slow Process Corner)
  Requirement:            20.000ns  (clk50_mmcm rise@20.000ns - clk50_mmcm rise@0.000ns)
  Data Path Delay:        14.482ns  (logic 8.557ns (59.087%)  route 5.925ns (40.913%))
  Logic Levels:           11  (CARRY4=3 DSP48E1=2 LUT2=2 LUT4=1 LUT5=1 LUT6=2)
  Clock Path Skew:        -0.081ns (DCD - SCD + CPR)
    Destination Clock Delay (DCD):    5.078ns = ( 25.078 - 20.000 ) 
    Source Clock Delay      (SCD):    5.427ns
    Clock Pessimism Removal (CPR):    0.268ns
  Clock Uncertainty:      0.082ns  ((TSJ^2 + DJ^2)^1/2) / 2 + PE
    Total System Jitter     (TSJ):    0.071ns
    Discrete Jitter          (DJ):    0.147ns
    Phase Error              (PE):    0.000ns

    Location             Delay type                Incr(ns)  Path(ns)    Netlist Resource(s)
  -------------------------------------------------------------------    -------------------
                         (clock clk50_mmcm rise edge)
                                                      0.000     0.000 r  <hidden>
    N15                                               0.000     0.000 r  CLK_100MHZ
                         net (fo=0)                   0.000     0.000    CLK_100MHZ
    N15                  IBUF (Prop_ibuf_I_O)         1.371     1.371 r  CLK_100MHZ_IBUF_inst/O
                         net (fo=1, routed)           1.065     2.436    CLK_100MHZ_IBUF
    MMCME2_ADV_X0Y0      MMCME2_ADV (Prop_mmcme2_adv_CLKIN1_CLKOUT0)
                                                      0.077     2.513 r  u_mmcm/CLKOUT0
                         net (fo=1, routed)           1.425     3.938    clk50_mmcm
    BUFGCTRL_X0Y0        BUFG (Prop_bufg_I_O)         0.081     4.019 r  u_bufg_clk50/O
                         net (fo=1276, routed)        1.407     5.427    u_core/u_control_unit/CLK
    RAMB18_X0Y15         RAMB18E1                                     r  u_core/u_control_unit/prog_mem_reg_2/CLKARDCLK
  -------------------------------------------------------------------    -------------------
    RAMB18_X0Y15         RAMB18E1 (Prop_ramb18e1_CLKARDCLK_DOBDO[6])
                                                      2.125     7.552 r  u_core/u_control_unit/prog_mem_reg_2/DOBDO[6]
                         net (fo=1, routed)           0.626     8.178    u_core/u_control_unit/prog_mem_reg_2_n_25
    SLICE_X9Y39          LUT2 (Prop_lut2_I0_O)        0.126     8.304 r  u_core/u_control_unit/result0_i_99/O
                         net (fo=64, routed)          1.306     9.609    u_core/u_register_file/rf_raddr1[1]
    SLICE_X29Y46         LUT6 (Prop_lut6_I2_O)        0.267     9.876 r  u_core/u_register_file/result0__0_i_22/O
                         net (fo=2, routed)           0.915    10.792    u_core/u_register_file/result0__0_i_22_n_0
    SLICE_X15Y47         LUT4 (Prop_lut4_I0_O)        0.105    10.897 r  u_core/u_register_file/result0__0_i_3/O
                         net (fo=31, routed)          0.640    11.537    u_core/u_alu/rf_rdata1[14]
    DSP48_X0Y17          DSP48E1 (Prop_dsp48e1_A[14]_PCOUT[47])
                                                      3.397    14.934 r  u_core/u_alu/result0__0/PCOUT[47]
                         net (fo=1, routed)           0.002    14.936    u_core/u_alu/result0__0_n_106
    DSP48_X0Y18          DSP48E1 (Prop_dsp48e1_PCIN[47]_P[4])
                                                      1.271    16.207 r  u_core/u_alu/result0__1/P[4]
                         net (fo=2, routed)           0.766    16.973    u_core/u_alu/result0__1_n_101
    SLICE_X12Y46         LUT2 (Prop_lut2_I0_O)        0.105    17.078 r  u_core/u_alu/registers[0][23]_i_10/O
                         net (fo=1, routed)           0.000    17.078    u_core/u_alu/registers[0][23]_i_10_n_0
    SLICE_X12Y46         CARRY4 (Prop_carry4_S[1]_CO[3])
                                                      0.444    17.522 r  u_core/u_alu/registers_reg[0][23]_i_5/CO[3]
                         net (fo=1, routed)           0.000    17.522    u_core/u_alu/registers_reg[0][23]_i_5_n_0
    SLICE_X12Y47         CARRY4 (Prop_carry4_CI_CO[3])
                                                      0.100    17.622 r  u_core/u_alu/registers_reg[0][27]_i_5/CO[3]
                         net (fo=1, routed)           0.000    17.622    u_core/u_alu/registers_reg[0][27]_i_5_n_0
    SLICE_X12Y48         CARRY4 (Prop_carry4_CI_O[3])
                                                      0.262    17.884 r  u_core/u_alu/registers_reg[0][31]_i_14/O[3]
                         net (fo=1, routed)           0.330    18.213    u_core/u_control_unit/registers_reg[6][31][3]
    SLICE_X14Y48         LUT6 (Prop_lut6_I0_O)        0.250    18.463 r  u_core/u_control_unit/registers[0][31]_i_7/O
                         net (fo=1, routed)           0.518    18.981    u_core/u_control_unit/registers[0][31]_i_7_n_0
    SLICE_X14Y48         LUT5 (Prop_lut5_I2_O)        0.105    19.086 r  u_core/u_control_unit/registers[0][31]_i_2/O
                         net (fo=8, routed)           0.822    19.909    u_core/u_register_file/registers_reg[6][31]_0[31]
    SLICE_X14Y40         FDCE                                         r  u_core/u_register_file/registers_reg[3][31]/D
  -------------------------------------------------------------------    -------------------

                         (clock clk50_mmcm rise edge)
                                                     20.000    20.000 r  <hidden>
    N15                                               0.000    20.000 r  CLK_100MHZ
                         net (fo=0)                   0.000    20.000    CLK_100MHZ
    N15                  IBUF (Prop_ibuf_I_O)         1.306    21.306 r  CLK_100MHZ_IBUF_inst/O
                         net (fo=1, routed)           1.004    22.309    CLK_100MHZ_IBUF
    MMCME2_ADV_X0Y0      MMCME2_ADV (Prop_mmcme2_adv_CLKIN1_CLKOUT0)
                                                      0.073    22.382 r  u_mmcm/CLKOUT0
                         net (fo=1, routed)           1.357    23.740    clk50_mmcm
    BUFGCTRL_X0Y0        BUFG (Prop_bufg_I_O)         0.077    23.817 r  u_bufg_clk50/O
                         net (fo=1276, routed)        1.261    25.078    u_core/u_register_file/CLK
    SLICE_X14Y40         FDCE                                         r  u_core/u_register_file/registers_reg[3][31]/C
                         clock pessimism              0.268    25.346    <hidden>
                         clock uncertainty           -0.082    25.264    <hidden>
    SLICE_X14Y40         FDCE (Setup_fdce_C_D)       -0.037    25.227    u_core/u_register_file/registers_reg[3][31]
  -------------------------------------------------------------------
                         required time                         25.227    <hidden>
                         arrival time                         -19.909    <hidden>
  -------------------------------------------------------------------
                         slack                                  5.319    <hidden>

Slack (MET) :             5.328ns  (required time - arrival time)
  Source:                 u_core/u_control_unit/prog_mem_reg_2/CLKARDCLK
                            (rising edge-triggered cell RAMB18E1 clocked by clk50_mmcm  {rise@0.000ns fall@10.000ns period=20.000ns})
  Destination:            u_core/u_register_file/registers_reg[6][31]/D
                            (rising edge-triggered cell FDCE clocked by clk50_mmcm  {rise@0.000ns fall@10.000ns period=20.000ns})
  Path Group:             clk50_mmcm
  Path Type:              Setup (Max at Slow Process Corner)
  Requirement:            20.000ns  (clk50_mmcm rise@20.000ns - clk50_mmcm rise@0.000ns)
  Data Path Delay:        14.493ns  (logic 8.557ns (59.042%)  route 5.936ns (40.958%))
  Logic Levels:           11  (CARRY4=3 DSP48E1=2 LUT2=2 LUT4=1 LUT5=1 LUT6=2)
  Clock Path Skew:        -0.083ns (DCD - SCD + CPR)
    Destination Clock Delay (DCD):    5.076ns = ( 25.076 - 20.000 ) 
    Source Clock Delay      (SCD):    5.427ns
    Clock Pessimism Removal (CPR):    0.268ns
  Clock Uncertainty:      0.082ns  ((TSJ^2 + DJ^2)^1/2) / 2 + PE
    Total System Jitter     (TSJ):    0.071ns
    Discrete Jitter          (DJ):    0.147ns
    Phase Error              (PE):    0.000ns

    Location             Delay type                Incr(ns)  Path(ns)    Netlist Resource(s)
  -------------------------------------------------------------------    -------------------
                         (clock clk50_mmcm rise edge)
                                                      0.000     0.000 r  <hidden>
    N15                                               0.000     0.000 r  CLK_100MHZ
                         net (fo=0)                   0.000     0.000    CLK_100MHZ
    N15                  IBUF (Prop_ibuf_I_O)         1.371     1.371 r  CLK_100MHZ_IBUF_inst/O
                         net (fo=1, routed)           1.065     2.436    CLK_100MHZ_IBUF
    MMCME2_ADV_X0Y0      MMCME2_ADV (Prop_mmcme2_adv_CLKIN1_CLKOUT0)
                                                      0.077     2.513 r  u_mmcm/CLKOUT0
                         net (fo=1, routed)           1.425     3.938    clk50_mmcm
    BUFGCTRL_X0Y0        BUFG (Prop_bufg_I_O)         0.081     4.019 r  u_bufg_clk50/O
                         net (fo=1276, routed)        1.407     5.427    u_core/u_control_unit/CLK
    RAMB18_X0Y15         RAMB18E1                                     r  u_core/u_control_unit/prog_mem_reg_2/CLKARDCLK
  -------------------------------------------------------------------    -------------------
    RAMB18_X0Y15         RAMB18E1 (Prop_ramb18e1_CLKARDCLK_DOBDO[6])
                                                      2.125     7.552 r  u_core/u_control_unit/prog_mem_reg_2/DOBDO[6]
                         net (fo=1, routed)           0.626     8.178    u_core/u_control_unit/prog_mem_reg_2_n_25
    SLICE_X9Y39          LUT2 (Prop_lut2_I0_O)        0.126     8.304 r  u_core/u_control_unit/result0_i_99/O
                         net (fo=64, routed)          1.306     9.609    u_core/u_register_file/rf_raddr1[1]
    SLICE_X29Y46         LUT6 (Prop_lut6_I2_O)        0.267     9.876 r  u_core/u_register_file/result0__0_i_22/O
                         net (fo=2, routed)           0.915    10.792    u_core/u_register_file/result0__0_i_22_n_0
    SLICE_X15Y47         LUT4 (Prop_lut4_I0_O)        0.105    10.897 r  u_core/u_register_file/result0__0_i_3/O
                         net (fo=31, routed)          0.640    11.537    u_core/u_alu/rf_rdata1[14]
    DSP48_X0Y17          DSP48E1 (Prop_dsp48e1_A[14]_PCOUT[47])
                                                      3.397    14.934 r  u_core/u_alu/result0__0/PCOUT[47]
                         net (fo=1, routed)           0.002    14.936    u_core/u_alu/result0__0_n_106
    DSP48_X0Y18          DSP48E1 (Prop_dsp48e1_PCIN[47]_P[4])
                                                      1.271    16.207 r  u_core/u_alu/result0__1/P[4]
                         net (fo=2, routed)           0.766    16.973    u_core/u_alu/result0__1_n_101
    SLICE_X12Y46         LUT2 (Prop_lut2_I0_O)        0.105    17.078 r  u_core/u_alu/registers[0][23]_i_10/O
                         net (fo=1, routed)           0.000    17.078    u_core/u_alu/registers[0][23]_i_10_n_0
    SLICE_X12Y46         CARRY4 (Prop_carry4_S[1]_CO[3])
                                                      0.444    17.522 r  u_core/u_alu/registers_reg[0][23]_i_5/CO[3]
                         net (fo=1, routed)           0.000    17.522    u_core/u_alu/registers_reg[0][23]_i_5_n_0
    SLICE_X12Y47         CARRY4 (Prop_carry4_CI_CO[3])
                                                      0.100    17.622 r  u_core/u_alu/registers_reg[0][27]_i_5/CO[3]
                         net (fo=1, routed)           0.000    17.622    u_core/u_alu/registers_reg[0][27]_i_5_n_0
    SLICE_X12Y48         CARRY4 (Prop_carry4_CI_O[3])
                                                      0.262    17.884 r  u_core/u_alu/registers_reg[0][31]_i_14/O[3]
                         net (fo=1, routed)           0.330    18.213    u_core/u_control_unit/registers_reg[6][31][3]
    SLICE_X14Y48         LUT6 (Prop_lut6_I0_O)        0.250    18.463 r  u_core/u_control_unit/registers[0][31]_i_7/O
                         net (fo=1, routed)           0.518    18.981    u_core/u_control_unit/registers[0][31]_i_7_n_0
    SLICE_X14Y48         LUT5 (Prop_lut5_I2_O)        0.105    19.086 r  u_core/u_control_unit/registers[0][31]_i_2/O
                         net (fo=8, routed)           0.833    19.920    u_core/u_register_file/registers_reg[6][31]_0[31]
    SLICE_X14Y37         FDCE                                         r  u_core/u_register_file/registers_reg[6][31]/D
  -------------------------------------------------------------------    -------------------

                         (clock clk50_mmcm rise edge)
                                                     20.000    20.000 r  <hidden>
    N15                                               0.000    20.000 r  CLK_100MHZ
                         net (fo=0)                   0.000    20.000    CLK_100MHZ
    N15                  IBUF (Prop_ibuf_I_O)         1.306    21.306 r  CLK_100MHZ_IBUF_inst/O
                         net (fo=1, routed)           1.004    22.309    CLK_100MHZ_IBUF
    MMCME2_ADV_X0Y0      MMCME2_ADV (Prop_mmcme2_adv_CLKIN1_CLKOUT0)
                                                      0.073    22.382 r  u_mmcm/CLKOUT0
                         net (fo=1, routed)           1.357    23.740    clk50_mmcm
    BUFGCTRL_X0Y0        BUFG (Prop_bufg_I_O)         0.077    23.817 r  u_bufg_clk50/O
                         net (fo=1276, routed)        1.259    25.076    u_core/u_register_file/CLK
    SLICE_X14Y37         FDCE                                         r  u_core/u_register_file/registers_reg[6][31]/C
                         clock pessimism              0.268    25.344    <hidden>
                         clock uncertainty           -0.082    25.262    <hidden>
    SLICE_X14Y37         FDCE (Setup_fdce_C_D)       -0.015    25.247    u_core/u_register_file/registers_reg[6][31]
  -------------------------------------------------------------------
                         required time                         25.247    <hidden>
                         arrival time                         -19.920    <hidden>
  -------------------------------------------------------------------
                         slack                                  5.328    <hidden>

Slack (MET) :             5.405ns  (required time - arrival time)
  Source:                 u_core/u_control_unit/prog_mem_reg_2/CLKARDCLK
                            (rising edge-triggered cell RAMB18E1 clocked by clk50_mmcm  {rise@0.000ns fall@10.000ns period=20.000ns})
  Destination:            u_core/u_register_file/registers_reg[5][31]/D
                            (rising edge-triggered cell FDCE clocked by clk50_mmcm  {rise@0.000ns fall@10.000ns period=20.000ns})
  Path Group:             clk50_mmcm
  Path Type:              Setup (Max at Slow Process Corner)
  Requirement:            20.000ns  (clk50_mmcm rise@20.000ns - clk50_mmcm rise@0.000ns)
  Data Path Delay:        14.373ns  (logic 8.557ns (59.536%)  route 5.816ns (40.464%))
  Logic Levels:           11  (CARRY4=3 DSP48E1=2 LUT2=2 LUT4=1 LUT5=1 LUT6=2)
  Clock Path Skew:        -0.082ns (DCD - SCD + CPR)
    Destination Clock Delay (DCD):    5.077ns = ( 25.077 - 20.000 ) 
    Source Clock Delay      (SCD):    5.427ns
    Clock Pessimism Removal (CPR):    0.268ns
  Clock Uncertainty:      0.082ns  ((TSJ^2 + DJ^2)^1/2) / 2 + PE
    Total System Jitter     (TSJ):    0.071ns
    Discrete Jitter          (DJ):    0.147ns
    Phase Error              (PE):    0.000ns

    Location             Delay type                Incr(ns)  Path(ns)    Netlist Resource(s)
  -------------------------------------------------------------------    -------------------
                         (clock clk50_mmcm rise edge)
                                                      0.000     0.000 r  <hidden>
    N15                                               0.000     0.000 r  CLK_100MHZ
                         net (fo=0)                   0.000     0.000    CLK_100MHZ
    N15                  IBUF (Prop_ibuf_I_O)         1.371     1.371 r  CLK_100MHZ_IBUF_inst/O
                         net (fo=1, routed)           1.065     2.436    CLK_100MHZ_IBUF
    MMCME2_ADV_X0Y0      MMCME2_ADV (Prop_mmcme2_adv_CLKIN1_CLKOUT0)
                                                      0.077     2.513 r  u_mmcm/CLKOUT0
                         net (fo=1, routed)           1.425     3.938    clk50_mmcm
    BUFGCTRL_X0Y0        BUFG (Prop_bufg_I_O)         0.081     4.019 r  u_bufg_clk50/O
                         net (fo=1276, routed)        1.407     5.427    u_core/u_control_unit/CLK
    RAMB18_X0Y15         RAMB18E1                                     r  u_core/u_control_unit/prog_mem_reg_2/CLKARDCLK
  -------------------------------------------------------------------    -------------------
    RAMB18_X0Y15         RAMB18E1 (Prop_ramb18e1_CLKARDCLK_DOBDO[6])
                                                      2.125     7.552 r  u_core/u_control_unit/prog_mem_reg_2/DOBDO[6]
                         net (fo=1, routed)           0.626     8.178    u_core/u_control_unit/prog_mem_reg_2_n_25
    SLICE_X9Y39          LUT2 (Prop_lut2_I0_O)        0.126     8.304 r  u_core/u_control_unit/result0_i_99/O
                         net (fo=64, routed)          1.306     9.609    u_core/u_register_file/rf_raddr1[1]
    SLICE_X29Y46         LUT6 (Prop_lut6_I2_O)        0.267     9.876 r  u_core/u_register_file/result0__0_i_22/O
                         net (fo=2, routed)           0.915    10.792    u_core/u_register_file/result0__0_i_22_n_0
    SLICE_X15Y47         LUT4 (Prop_lut4_I0_O)        0.105    10.897 r  u_core/u_register_file/result0__0_i_3/O
                         net (fo=31, routed)          0.640    11.537    u_core/u_alu/rf_rdata1[14]
    DSP48_X0Y17          DSP48E1 (Prop_dsp48e1_A[14]_PCOUT[47])
                                                      3.397    14.934 r  u_core/u_alu/result0__0/PCOUT[47]
                         net (fo=1, routed)           0.002    14.936    u_core/u_alu/result0__0_n_106
    DSP48_X0Y18          DSP48E1 (Prop_dsp48e1_PCIN[47]_P[4])
                                                      1.271    16.207 r  u_core/u_alu/result0__1/P[4]
                         net (fo=2, routed)           0.766    16.973    u_core/u_alu/result0__1_n_101
    SLICE_X12Y46         LUT2 (Prop_lut2_I0_O)        0.105    17.078 r  u_core/u_alu/registers[0][23]_i_10/O
                         net (fo=1, routed)           0.000    17.078    u_core/u_alu/registers[0][23]_i_10_n_0
    SLICE_X12Y46         CARRY4 (Prop_carry4_S[1]_CO[3])
                                                      0.444    17.522 r  u_core/u_alu/registers_reg[0][23]_i_5/CO[3]
                         net (fo=1, routed)           0.000    17.522    u_core/u_alu/registers_reg[0][23]_i_5_n_0
    SLICE_X12Y47         CARRY4 (Prop_carry4_CI_CO[3])
                                                      0.100    17.622 r  u_core/u_alu/registers_reg[0][27]_i_5/CO[3]
                         net (fo=1, routed)           0.000    17.622    u_core/u_alu/registers_reg[0][27]_i_5_n_0
    SLICE_X12Y48         CARRY4 (Prop_carry4_CI_O[3])
                                                      0.262    17.884 r  u_core/u_alu/registers_reg[0][31]_i_14/O[3]
                         net (fo=1, routed)           0.330    18.213    u_core/u_control_unit/registers_reg[6][31][3]
    SLICE_X14Y48         LUT6 (Prop_lut6_I0_O)        0.250    18.463 r  u_core/u_control_unit/registers[0][31]_i_7/O
                         net (fo=1, routed)           0.518    18.981    u_core/u_control_unit/registers[0][31]_i_7_n_0
    SLICE_X14Y48         LUT5 (Prop_lut5_I2_O)        0.105    19.086 r  u_core/u_control_unit/registers[0][31]_i_2/O
                         net (fo=8, routed)           0.713    19.799    u_core/u_register_file/registers_reg[6][31]_0[31]
    SLICE_X15Y39         FDCE                                         r  u_core/u_register_file/registers_reg[5][31]/D
  -------------------------------------------------------------------    -------------------

                         (clock clk50_mmcm rise edge)
                                                     20.000    20.000 r  <hidden>
    N15                                               0.000    20.000 r  CLK_100MHZ
                         net (fo=0)                   0.000    20.000    CLK_100MHZ
    N15                  IBUF (Prop_ibuf_I_O)         1.306    21.306 r  CLK_100MHZ_IBUF_inst/O
                         net (fo=1, routed)           1.004    22.309    CLK_100MHZ_IBUF
    MMCME2_ADV_X0Y0      MMCME2_ADV (Prop_mmcme2_adv_CLKIN1_CLKOUT0)
                                                      0.073    22.382 r  u_mmcm/CLKOUT0
                         net (fo=1, routed)           1.357    23.740    clk50_mmcm
    BUFGCTRL_X0Y0        BUFG (Prop_bufg_I_O)         0.077    23.817 r  u_bufg_clk50/O
                         net (fo=1276, routed)        1.260    25.077    u_core/u_register_file/CLK
    SLICE_X15Y39         FDCE                                         r  u_core/u_register_file/registers_reg[5][31]/C
                         clock pessimism              0.268    25.345    <hidden>
                         clock uncertainty           -0.082    25.263    <hidden>
    SLICE_X15Y39         FDCE (Setup_fdce_C_D)       -0.059    25.204    u_core/u_register_file/registers_reg[5][31]
  -------------------------------------------------------------------
                         required time                         25.204    <hidden>
                         arrival time                         -19.799    <hidden>
  -------------------------------------------------------------------
                         slack                                  5.405    <hidden>

Slack (MET) :             5.406ns  (required time - arrival time)
  Source:                 u_core/u_control_unit/prog_mem_reg_2/CLKARDCLK
                            (rising edge-triggered cell RAMB18E1 clocked by clk50_mmcm  {rise@0.000ns fall@10.000ns period=20.000ns})
  Destination:            u_core/u_register_file/registers_reg[1][31]/D
                            (rising edge-triggered cell FDCE clocked by clk50_mmcm  {rise@0.000ns fall@10.000ns period=20.000ns})
  Path Group:             clk50_mmcm
  Path Type:              Setup (Max at Slow Process Corner)
  Requirement:            20.000ns  (clk50_mmcm rise@20.000ns - clk50_mmcm rise@0.000ns)
  Data Path Delay:        14.382ns  (logic 8.557ns (59.497%)  route 5.825ns (40.503%))
  Logic Levels:           11  (CARRY4=3 DSP48E1=2 LUT2=2 LUT4=1 LUT5=1 LUT6=2)
  Clock Path Skew:        -0.083ns (DCD - SCD + CPR)
    Destination Clock Delay (DCD):    5.076ns = ( 25.076 - 20.000 ) 
    Source Clock Delay      (SCD):    5.427ns
    Clock Pessimism Removal (CPR):    0.268ns
  Clock Uncertainty:      0.082ns  ((TSJ^2 + DJ^2)^1/2) / 2 + PE
    Total System Jitter     (TSJ):    0.071ns
    Discrete Jitter          (DJ):    0.147ns
    Phase Error              (PE):    0.000ns

    Location             Delay type                Incr(ns)  Path(ns)    Netlist Resource(s)
  -------------------------------------------------------------------    -------------------
                         (clock clk50_mmcm rise edge)
                                                      0.000     0.000 r  <hidden>
    N15                                               0.000     0.000 r  CLK_100MHZ
                         net (fo=0)                   0.000     0.000    CLK_100MHZ
    N15                  IBUF (Prop_ibuf_I_O)         1.371     1.371 r  CLK_100MHZ_IBUF_inst/O
                         net (fo=1, routed)           1.065     2.436    CLK_100MHZ_IBUF
    MMCME2_ADV_X0Y0      MMCME2_ADV (Prop_mmcme2_adv_CLKIN1_CLKOUT0)
                                                      0.077     2.513 r  u_mmcm/CLKOUT0
                         net (fo=1, routed)           1.425     3.938    clk50_mmcm
    BUFGCTRL_X0Y0        BUFG (Prop_bufg_I_O)         0.081     4.019 r  u_bufg_clk50/O
                         net (fo=1276, routed)        1.407     5.427    u_core/u_control_unit/CLK
    RAMB18_X0Y15         RAMB18E1                                     r  u_core/u_control_unit/prog_mem_reg_2/CLKARDCLK
  -------------------------------------------------------------------    -------------------
    RAMB18_X0Y15         RAMB18E1 (Prop_ramb18e1_CLKARDCLK_DOBDO[6])
                                                      2.125     7.552 r  u_core/u_control_unit/prog_mem_reg_2/DOBDO[6]
                         net (fo=1, routed)           0.626     8.178    u_core/u_control_unit/prog_mem_reg_2_n_25
    SLICE_X9Y39          LUT2 (Prop_lut2_I0_O)        0.126     8.304 r  u_core/u_control_unit/result0_i_99/O
                         net (fo=64, routed)          1.306     9.609    u_core/u_register_file/rf_raddr1[1]
    SLICE_X29Y46         LUT6 (Prop_lut6_I2_O)        0.267     9.876 r  u_core/u_register_file/result0__0_i_22/O
                         net (fo=2, routed)           0.915    10.792    u_core/u_register_file/result0__0_i_22_n_0
    SLICE_X15Y47         LUT4 (Prop_lut4_I0_O)        0.105    10.897 r  u_core/u_register_file/result0__0_i_3/O
                         net (fo=31, routed)          0.640    11.537    u_core/u_alu/rf_rdata1[14]
    DSP48_X0Y17          DSP48E1 (Prop_dsp48e1_A[14]_PCOUT[47])
                                                      3.397    14.934 r  u_core/u_alu/result0__0/PCOUT[47]
                         net (fo=1, routed)           0.002    14.936    u_core/u_alu/result0__0_n_106
    DSP48_X0Y18          DSP48E1 (Prop_dsp48e1_PCIN[47]_P[4])
                                                      1.271    16.207 r  u_core/u_alu/result0__1/P[4]
                         net (fo=2, routed)           0.766    16.973    u_core/u_alu/result0__1_n_101
    SLICE_X12Y46         LUT2 (Prop_lut2_I0_O)        0.105    17.078 r  u_core/u_alu/registers[0][23]_i_10/O
                         net (fo=1, routed)           0.000    17.078    u_core/u_alu/registers[0][23]_i_10_n_0
    SLICE_X12Y46         CARRY4 (Prop_carry4_S[1]_CO[3])
                                                      0.444    17.522 r  u_core/u_alu/registers_reg[0][23]_i_5/CO[3]
                         net (fo=1, routed)           0.000    17.522    u_core/u_alu/registers_reg[0][23]_i_5_n_0
    SLICE_X12Y47         CARRY4 (Prop_carry4_CI_CO[3])
                                                      0.100    17.622 r  u_core/u_alu/registers_reg[0][27]_i_5/CO[3]
                         net (fo=1, routed)           0.000    17.622    u_core/u_alu/registers_reg[0][27]_i_5_n_0
    SLICE_X12Y48         CARRY4 (Prop_carry4_CI_O[3])
                                                      0.262    17.884 r  u_core/u_alu/registers_reg[0][31]_i_14/O[3]
                         net (fo=1, routed)           0.330    18.213    u_core/u_control_unit/registers_reg[6][31][3]
    SLICE_X14Y48         LUT6 (Prop_lut6_I0_O)        0.250    18.463 r  u_core/u_control_unit/registers[0][31]_i_7/O
                         net (fo=1, routed)           0.518    18.981    u_core/u_control_unit/registers[0][31]_i_7_n_0
    SLICE_X14Y48         LUT5 (Prop_lut5_I2_O)        0.105    19.086 r  u_core/u_control_unit/registers[0][31]_i_2/O
                         net (fo=8, routed)           0.722    19.809    u_core/u_register_file/registers_reg[6][31]_0[31]
    SLICE_X15Y38         FDCE                                         r  u_core/u_register_file/registers_reg[1][31]/D
  -------------------------------------------------------------------    -------------------

                         (clock clk50_mmcm rise edge)
                                                     20.000    20.000 r  <hidden>
    N15                                               0.000    20.000 r  CLK_100MHZ
                         net (fo=0)                   0.000    20.000    CLK_100MHZ
    N15                  IBUF (Prop_ibuf_I_O)         1.306    21.306 r  CLK_100MHZ_IBUF_inst/O
                         net (fo=1, routed)           1.004    22.309    CLK_100MHZ_IBUF
    MMCME2_ADV_X0Y0      MMCME2_ADV (Prop_mmcme2_adv_CLKIN1_CLKOUT0)
                                                      0.073    22.382 r  u_mmcm/CLKOUT0
                         net (fo=1, routed)           1.357    23.740    clk50_mmcm
    BUFGCTRL_X0Y0        BUFG (Prop_bufg_I_O)         0.077    23.817 r  u_bufg_clk50/O
                         net (fo=1276, routed)        1.259    25.076    u_core/u_register_file/CLK
    SLICE_X15Y38         FDCE                                         r  u_core/u_register_file/registers_reg[1][31]/C
                         clock pessimism              0.268    25.344    <hidden>
                         clock uncertainty           -0.082    25.262    <hidden>
    SLICE_X15Y38         FDCE (Setup_fdce_C_D)       -0.047    25.215    u_core/u_register_file/registers_reg[1][31]
  -------------------------------------------------------------------
                         required time                         25.215    <hidden>
                         arrival time                         -19.809    <hidden>
  -------------------------------------------------------------------
                         slack                                  5.406    <hidden>

Slack (MET) :             5.408ns  (required time - arrival time)
  Source:                 u_core/u_control_unit/prog_mem_reg_2/CLKARDCLK
                            (rising edge-triggered cell RAMB18E1 clocked by clk50_mmcm  {rise@0.000ns fall@10.000ns period=20.000ns})
  Destination:            u_core/u_register_file/registers_reg[0][31]/D
                            (rising edge-triggered cell FDCE clocked by clk50_mmcm  {rise@0.000ns fall@10.000ns period=20.000ns})
  Path Group:             clk50_mmcm
  Path Type:              Setup (Max at Slow Process Corner)
  Requirement:            20.000ns  (clk50_mmcm rise@20.000ns - clk50_mmcm rise@0.000ns)
  Data Path Delay:        14.401ns  (logic 8.557ns (59.419%)  route 5.844ns (40.581%))
  Logic Levels:           11  (CARRY4=3 DSP48E1=2 LUT2=2 LUT4=1 LUT5=1 LUT6=2)
  Clock Path Skew:        -0.083ns (DCD - SCD + CPR)
    Destination Clock Delay (DCD):    5.076ns = ( 25.076 - 20.000 ) 
    Source Clock Delay      (SCD):    5.427ns
    Clock Pessimism Removal (CPR):    0.268ns
  Clock Uncertainty:      0.082ns  ((TSJ^2 + DJ^2)^1/2) / 2 + PE
    Total System Jitter     (TSJ):    0.071ns
    Discrete Jitter          (DJ):    0.147ns
    Phase Error              (PE):    0.000ns

    Location             Delay type                Incr(ns)  Path(ns)    Netlist Resource(s)
  -------------------------------------------------------------------    -------------------
                         (clock clk50_mmcm rise edge)
                                                      0.000     0.000 r  <hidden>
    N15                                               0.000     0.000 r  CLK_100MHZ
                         net (fo=0)                   0.000     0.000    CLK_100MHZ
    N15                  IBUF (Prop_ibuf_I_O)         1.371     1.371 r  CLK_100MHZ_IBUF_inst/O
                         net (fo=1, routed)           1.065     2.436    CLK_100MHZ_IBUF
    MMCME2_ADV_X0Y0      MMCME2_ADV (Prop_mmcme2_adv_CLKIN1_CLKOUT0)
                                                      0.077     2.513 r  u_mmcm/CLKOUT0
                         net (fo=1, routed)           1.425     3.938    clk50_mmcm
    BUFGCTRL_X0Y0        BUFG (Prop_bufg_I_O)         0.081     4.019 r  u_bufg_clk50/O
                         net (fo=1276, routed)        1.407     5.427    u_core/u_control_unit/CLK
    RAMB18_X0Y15         RAMB18E1                                     r  u_core/u_control_unit/prog_mem_reg_2/CLKARDCLK
  -------------------------------------------------------------------    -------------------
    RAMB18_X0Y15         RAMB18E1 (Prop_ramb18e1_CLKARDCLK_DOBDO[6])
                                                      2.125     7.552 r  u_core/u_control_unit/prog_mem_reg_2/DOBDO[6]
                         net (fo=1, routed)           0.626     8.178    u_core/u_control_unit/prog_mem_reg_2_n_25
    SLICE_X9Y39          LUT2 (Prop_lut2_I0_O)        0.126     8.304 r  u_core/u_control_unit/result0_i_99/O
                         net (fo=64, routed)          1.306     9.609    u_core/u_register_file/rf_raddr1[1]
    SLICE_X29Y46         LUT6 (Prop_lut6_I2_O)        0.267     9.876 r  u_core/u_register_file/result0__0_i_22/O
                         net (fo=2, routed)           0.915    10.792    u_core/u_register_file/result0__0_i_22_n_0
    SLICE_X15Y47         LUT4 (Prop_lut4_I0_O)        0.105    10.897 r  u_core/u_register_file/result0__0_i_3/O
                         net (fo=31, routed)          0.640    11.537    u_core/u_alu/rf_rdata1[14]
    DSP48_X0Y17          DSP48E1 (Prop_dsp48e1_A[14]_PCOUT[47])
                                                      3.397    14.934 r  u_core/u_alu/result0__0/PCOUT[47]
                         net (fo=1, routed)           0.002    14.936    u_core/u_alu/result0__0_n_106
    DSP48_X0Y18          DSP48E1 (Prop_dsp48e1_PCIN[47]_P[4])
                                                      1.271    16.207 r  u_core/u_alu/result0__1/P[4]
                         net (fo=2, routed)           0.766    16.973    u_core/u_alu/result0__1_n_101
    SLICE_X12Y46         LUT2 (Prop_lut2_I0_O)        0.105    17.078 r  u_core/u_alu/registers[0][23]_i_10/O
                         net (fo=1, routed)           0.000    17.078    u_core/u_alu/registers[0][23]_i_10_n_0
    SLICE_X12Y46         CARRY4 (Prop_carry4_S[1]_CO[3])
                                                      0.444    17.522 r  u_core/u_alu/registers_reg[0][23]_i_5/CO[3]
                         net (fo=1, routed)           0.000    17.522    u_core/u_alu/registers_reg[0][23]_i_5_n_0
    SLICE_X12Y47         CARRY4 (Prop_carry4_CI_CO[3])
                                                      0.100    17.622 r  u_core/u_alu/registers_reg[0][27]_i_5/CO[3]
                         net (fo=1, routed)           0.000    17.622    u_core/u_alu/registers_reg[0][27]_i_5_n_0
    SLICE_X12Y48         CARRY4 (Prop_carry4_CI_O[3])
                                                      0.262    17.884 r  u_core/u_alu/registers_reg[0][31]_i_14/O[3]
                         net (fo=1, routed)           0.330    18.213    u_core/u_control_unit/registers_reg[6][31][3]
    SLICE_X14Y48         LUT6 (Prop_lut6_I0_O)        0.250    18.463 r  u_core/u_control_unit/registers[0][31]_i_7/O
                         net (fo=1, routed)           0.518    18.981    u_core/u_control_unit/registers[0][31]_i_7_n_0
    SLICE_X14Y48         LUT5 (Prop_lut5_I2_O)        0.105    19.086 r  u_core/u_control_unit/registers[0][31]_i_2/O
                         net (fo=8, routed)           0.741    19.828    u_core/u_register_file/registers_reg[6][31]_0[31]
    SLICE_X14Y38         FDCE                                         r  u_core/u_register_file/registers_reg[0][31]/D
  -------------------------------------------------------------------    -------------------

                         (clock clk50_mmcm rise edge)
                                                     20.000    20.000 r  <hidden>
    N15                                               0.000    20.000 r  CLK_100MHZ
                         net (fo=0)                   0.000    20.000    CLK_100MHZ
    N15                  IBUF (Prop_ibuf_I_O)         1.306    21.306 r  CLK_100MHZ_IBUF_inst/O
                         net (fo=1, routed)           1.004    22.309    CLK_100MHZ_IBUF
    MMCME2_ADV_X0Y0      MMCME2_ADV (Prop_mmcme2_adv_CLKIN1_CLKOUT0)
                                                      0.073    22.382 r  u_mmcm/CLKOUT0
                         net (fo=1, routed)           1.357    23.740    clk50_mmcm
    BUFGCTRL_X0Y0        BUFG (Prop_bufg_I_O)         0.077    23.817 r  u_bufg_clk50/O
                         net (fo=1276, routed)        1.259    25.076    u_core/u_register_file/CLK
    SLICE_X14Y38         FDCE                                         r  u_core/u_register_file/registers_reg[0][31]/C
                         clock pessimism              0.268    25.344    <hidden>
                         clock uncertainty           -0.082    25.262    <hidden>
    SLICE_X14Y38         FDCE (Setup_fdce_C_D)       -0.027    25.235    u_core/u_register_file/registers_reg[0][31]
  -------------------------------------------------------------------
                         required time                         25.235    <hidden>
                         arrival time                         -19.828    <hidden>
  -------------------------------------------------------------------
                         slack                                  5.408    <hidden>

Slack (MET) :             5.413ns  (required time - arrival time)
  Source:                 u_core/u_control_unit/prog_mem_reg_2/CLKARDCLK
                            (rising edge-triggered cell RAMB18E1 clocked by clk50_mmcm  {rise@0.000ns fall@10.000ns period=20.000ns})
  Destination:            u_core/u_register_file/registers_reg[4][21]/D
                            (rising edge-triggered cell FDCE clocked by clk50_mmcm  {rise@0.000ns fall@10.000ns period=20.000ns})
  Path Group:             clk50_mmcm
  Path Type:              Setup (Max at Slow Process Corner)
  Requirement:            20.000ns  (clk50_mmcm rise@20.000ns - clk50_mmcm rise@0.000ns)
  Data Path Delay:        14.307ns  (logic 8.317ns (58.133%)  route 5.990ns (41.867%))
  Logic Levels:           10  (CARRY4=2 DSP48E1=2 LUT2=2 LUT4=1 LUT5=1 LUT6=2)
  Clock Path Skew:        -0.159ns (DCD - SCD + CPR)
    Destination Clock Delay (DCD):    5.065ns = ( 25.065 - 20.000 ) 
    Source Clock Delay      (SCD):    5.427ns
    Clock Pessimism Removal (CPR):    0.202ns
  Clock Uncertainty:      0.082ns  ((TSJ^2 + DJ^2)^1/2) / 2 + PE
    Total System Jitter     (TSJ):    0.071ns
    Discrete Jitter          (DJ):    0.147ns
    Phase Error              (PE):    0.000ns

    Location             Delay type                Incr(ns)  Path(ns)    Netlist Resource(s)
  -------------------------------------------------------------------    -------------------
                         (clock clk50_mmcm rise edge)
                                                      0.000     0.000 r  <hidden>
    N15                                               0.000     0.000 r  CLK_100MHZ
                         net (fo=0)                   0.000     0.000    CLK_100MHZ
    N15                  IBUF (Prop_ibuf_I_O)         1.371     1.371 r  CLK_100MHZ_IBUF_inst/O
                         net (fo=1, routed)           1.065     2.436    CLK_100MHZ_IBUF
    MMCME2_ADV_X0Y0      MMCME2_ADV (Prop_mmcme2_adv_CLKIN1_CLKOUT0)
                                                      0.077     2.513 r  u_mmcm/CLKOUT0
                         net (fo=1, routed)           1.425     3.938    clk50_mmcm
    BUFGCTRL_X0Y0        BUFG (Prop_bufg_I_O)         0.081     4.019 r  u_bufg_clk50/O
                         net (fo=1276, routed)        1.407     5.427    u_core/u_control_unit/CLK
    RAMB18_X0Y15         RAMB18E1                                     r  u_core/u_control_unit/prog_mem_reg_2/CLKARDCLK
  -------------------------------------------------------------------    -------------------
    RAMB18_X0Y15         RAMB18E1 (Prop_ramb18e1_CLKARDCLK_DOBDO[6])
                                                      2.125     7.552 r  u_core/u_control_unit/prog_mem_reg_2/DOBDO[6]
                         net (fo=1, routed)           0.626     8.178    u_core/u_control_unit/prog_mem_reg_2_n_25
    SLICE_X9Y39          LUT2 (Prop_lut2_I0_O)        0.126     8.304 r  u_core/u_control_unit/result0_i_99/O
                         net (fo=64, routed)          1.306     9.609    u_core/u_register_file/rf_raddr1[1]
    SLICE_X29Y46         LUT6 (Prop_lut6_I2_O)        0.267     9.876 r  u_core/u_register_file/result0__0_i_22/O
                         net (fo=2, routed)           0.915    10.792    u_core/u_register_file/result0__0_i_22_n_0
    SLICE_X15Y47         LUT4 (Prop_lut4_I0_O)        0.105    10.897 r  u_core/u_register_file/result0__0_i_3/O
                         net (fo=31, routed)          0.640    11.537    u_core/u_alu/rf_rdata1[14]
    DSP48_X0Y17          DSP48E1 (Prop_dsp48e1_A[14]_PCOUT[47])
                                                      3.397    14.934 r  u_core/u_alu/result0__0/PCOUT[47]
                         net (fo=1, routed)           0.002    14.936    u_core/u_alu/result0__0_n_106
    DSP48_X0Y18          DSP48E1 (Prop_dsp48e1_PCIN[47]_P[2])
                                                      1.271    16.207 r  u_core/u_alu/result0__1/P[2]
                         net (fo=2, routed)           0.675    16.882    u_core/u_alu/result0__1_n_103
    SLICE_X12Y45         LUT2 (Prop_lut2_I0_O)        0.105    16.987 r  u_core/u_alu/registers[0][19]_i_8/O
                         net (fo=1, routed)           0.000    16.987    u_core/u_alu/registers[0][19]_i_8_n_0
    SLICE_X12Y45         CARRY4 (Prop_carry4_S[3]_CO[3])
                                                      0.314    17.301 r  u_core/u_alu/registers_reg[0][19]_i_5/CO[3]
                         net (fo=1, routed)           0.000    17.301    u_core/u_alu/registers_reg[0][19]_i_5_n_0
    SLICE_X12Y46         CARRY4 (Prop_carry4_CI_O[1])
                                                      0.257    17.558 r  u_core/u_alu/registers_reg[0][23]_i_5/O[1]
                         net (fo=1, routed)           0.544    18.102    u_core/u_control_unit/registers_reg[6][23][1]
    SLICE_X12Y44         LUT6 (Prop_lut6_I0_O)        0.245    18.347 r  u_core/u_control_unit/registers[0][21]_i_3/O
                         net (fo=1, routed)           0.559    18.906    u_core/u_control_unit/registers[0][21]_i_3_n_0
    SLICE_X12Y49         LUT5 (Prop_lut5_I2_O)        0.105    19.011 r  u_core/u_control_unit/registers[0][21]_i_1/O
                         net (fo=8, routed)           0.722    19.734    u_core/u_register_file/registers_reg[6][31]_0[21]
    SLICE_X15Y51         FDCE                                         r  u_core/u_register_file/registers_reg[4][21]/D
  -------------------------------------------------------------------    -------------------

                         (clock clk50_mmcm rise edge)
                                                     20.000    20.000 r  <hidden>
    N15                                               0.000    20.000 r  CLK_100MHZ
                         net (fo=0)                   0.000    20.000    CLK_100MHZ
    N15                  IBUF (Prop_ibuf_I_O)         1.306    21.306 r  CLK_100MHZ_IBUF_inst/O
                         net (fo=1, routed)           1.004    22.309    CLK_100MHZ_IBUF
    MMCME2_ADV_X0Y0      MMCME2_ADV (Prop_mmcme2_adv_CLKIN1_CLKOUT0)
                                                      0.073    22.382 r  u_mmcm/CLKOUT0
                         net (fo=1, routed)           1.357    23.740    clk50_mmcm
    BUFGCTRL_X0Y0        BUFG (Prop_bufg_I_O)         0.077    23.817 r  u_bufg_clk50/O
                         net (fo=1276, routed)        1.248    25.065    u_core/u_register_file/CLK
    SLICE_X15Y51         FDCE                                         r  u_core/u_register_file/registers_reg[4][21]/C
                         clock pessimism              0.202    25.267    <hidden>
                         clock uncertainty           -0.082    25.186    <hidden>
    SLICE_X15Y51         FDCE (Setup_fdce_C_D)       -0.039    25.147    u_core/u_register_file/registers_reg[4][21]
  -------------------------------------------------------------------
                         required time                         25.147    <hidden>
                         arrival time                         -19.734    <hidden>
  -------------------------------------------------------------------
                         slack                                  5.413    <hidden>

Slack (MET) :             5.416ns  (required time - arrival time)
  Source:                 u_core/u_control_unit/prog_mem_reg_2/CLKARDCLK
                            (rising edge-triggered cell RAMB18E1 clocked by clk50_mmcm  {rise@0.000ns fall@10.000ns period=20.000ns})
  Destination:            u_core/u_register_file/registers_reg[1][21]/D
                            (rising edge-triggered cell FDCE clocked by clk50_mmcm  {rise@0.000ns fall@10.000ns period=20.000ns})
  Path Group:             clk50_mmcm
  Path Type:              Setup (Max at Slow Process Corner)
  Requirement:            20.000ns  (clk50_mmcm rise@20.000ns - clk50_mmcm rise@0.000ns)
  Data Path Delay:        14.328ns  (logic 8.317ns (58.046%)  route 6.011ns (41.954%))
  Logic Levels:           10  (CARRY4=2 DSP48E1=2 LUT2=2 LUT4=1 LUT5=1 LUT6=2)
  Clock Path Skew:        -0.159ns (DCD - SCD + CPR)
    Destination Clock Delay (DCD):    5.065ns = ( 25.065 - 20.000 ) 
    Source Clock Delay      (SCD):    5.427ns
    Clock Pessimism Removal (CPR):    0.202ns
  Clock Uncertainty:      0.082ns  ((TSJ^2 + DJ^2)^1/2) / 2 + PE
    Total System Jitter     (TSJ):    0.071ns
    Discrete Jitter          (DJ):    0.147ns
    Phase Error              (PE):    0.000ns

    Location             Delay type                Incr(ns)  Path(ns)    Netlist Resource(s)
  -------------------------------------------------------------------    -------------------
                         (clock clk50_mmcm rise edge)
                                                      0.000     0.000 r  <hidden>
    N15                                               0.000     0.000 r  CLK_100MHZ
                         net (fo=0)                   0.000     0.000    CLK_100MHZ
    N15                  IBUF (Prop_ibuf_I_O)         1.371     1.371 r  CLK_100MHZ_IBUF_inst/O
                         net (fo=1, routed)           1.065     2.436    CLK_100MHZ_IBUF
    MMCME2_ADV_X0Y0      MMCME2_ADV (Prop_mmcme2_adv_CLKIN1_CLKOUT0)
                                                      0.077     2.513 r  u_mmcm/CLKOUT0
                         net (fo=1, routed)           1.425     3.938    clk50_mmcm
    BUFGCTRL_X0Y0        BUFG (Prop_bufg_I_O)         0.081     4.019 r  u_bufg_clk50/O
                         net (fo=1276, routed)        1.407     5.427    u_core/u_control_unit/CLK
    RAMB18_X0Y15         RAMB18E1                                     r  u_core/u_control_unit/prog_mem_reg_2/CLKARDCLK
  -------------------------------------------------------------------    -------------------
    RAMB18_X0Y15         RAMB18E1 (Prop_ramb18e1_CLKARDCLK_DOBDO[6])
                                                      2.125     7.552 r  u_core/u_control_unit/prog_mem_reg_2/DOBDO[6]
                         net (fo=1, routed)           0.626     8.178    u_core/u_control_unit/prog_mem_reg_2_n_25
    SLICE_X9Y39          LUT2 (Prop_lut2_I0_O)        0.126     8.304 r  u_core/u_control_unit/result0_i_99/O
                         net (fo=64, routed)          1.306     9.609    u_core/u_register_file/rf_raddr1[1]
    SLICE_X29Y46         LUT6 (Prop_lut6_I2_O)        0.267     9.876 r  u_core/u_register_file/result0__0_i_22/O
                         net (fo=2, routed)           0.915    10.792    u_core/u_register_file/result0__0_i_22_n_0
    SLICE_X15Y47         LUT4 (Prop_lut4_I0_O)        0.105    10.897 r  u_core/u_register_file/result0__0_i_3/O
                         net (fo=31, routed)          0.640    11.537    u_core/u_alu/rf_rdata1[14]
    DSP48_X0Y17          DSP48E1 (Prop_dsp48e1_A[14]_PCOUT[47])
                                                      3.397    14.934 r  u_core/u_alu/result0__0/PCOUT[47]
                         net (fo=1, routed)           0.002    14.936    u_core/u_alu/result0__0_n_106
    DSP48_X0Y18          DSP48E1 (Prop_dsp48e1_PCIN[47]_P[2])
                                                      1.271    16.207 r  u_core/u_alu/result0__1/P[2]
                         net (fo=2, routed)           0.675    16.882    u_core/u_alu/result0__1_n_103
    SLICE_X12Y45         LUT2 (Prop_lut2_I0_O)        0.105    16.987 r  u_core/u_alu/registers[0][19]_i_8/O
                         net (fo=1, routed)           0.000    16.987    u_core/u_alu/registers[0][19]_i_8_n_0
    SLICE_X12Y45         CARRY4 (Prop_carry4_S[3]_CO[3])
                                                      0.314    17.301 r  u_core/u_alu/registers_reg[0][19]_i_5/CO[3]
                         net (fo=1, routed)           0.000    17.301    u_core/u_alu/registers_reg[0][19]_i_5_n_0
    SLICE_X12Y46         CARRY4 (Prop_carry4_CI_O[1])
                                                      0.257    17.558 r  u_core/u_alu/registers_reg[0][23]_i_5/O[1]
                         net (fo=1, routed)           0.544    18.102    u_core/u_control_unit/registers_reg[6][23][1]
    SLICE_X12Y44         LUT6 (Prop_lut6_I0_O)        0.245    18.347 r  u_core/u_control_unit/registers[0][21]_i_3/O
                         net (fo=1, routed)           0.559    18.906    u_core/u_control_unit/registers[0][21]_i_3_n_0
    SLICE_X12Y49         LUT5 (Prop_lut5_I2_O)        0.105    19.011 r  u_core/u_control_unit/registers[0][21]_i_1/O
                         net (fo=8, routed)           0.743    19.755    u_core/u_register_file/registers_reg[6][31]_0[21]
    SLICE_X12Y53         FDCE                                         r  u_core/u_register_file/registers_reg[1][21]/D
  -------------------------------------------------------------------    -------------------

                         (clock clk50_mmcm rise edge)
                                                     20.000    20.000 r  <hidden>
    N15                                               0.000    20.000 r  CLK_100MHZ
                         net (fo=0)                   0.000    20.000    CLK_100MHZ
    N15                  IBUF (Prop_ibuf_I_O)         1.306    21.306 r  CLK_100MHZ_IBUF_inst/O
                         net (fo=1, routed)           1.004    22.309    CLK_100MHZ_IBUF
    MMCME2_ADV_X0Y0      MMCME2_ADV (Prop_mmcme2_adv_CLKIN1_CLKOUT0)
                                                      0.073    22.382 r  u_mmcm/CLKOUT0
                         net (fo=1, routed)           1.357    23.740    clk50_mmcm
    BUFGCTRL_X0Y0        BUFG (Prop_bufg_I_O)         0.077    23.817 r  u_bufg_clk50/O
                         net (fo=1276, routed)        1.248    25.065    u_core/u_register_file/CLK
    SLICE_X12Y53         FDCE                                         r  u_core/u_register_file/registers_reg[1][21]/C
                         clock pessimism              0.202    25.267    <hidden>
                         clock uncertainty           -0.082    25.186    <hidden>
    SLICE_X12Y53         FDCE (Setup_fdce_C_D)       -0.015    25.171    u_core/u_register_file/registers_reg[1][21]
  -------------------------------------------------------------------
                         required time                         25.171    <hidden>
                         arrival time                         -19.755    <hidden>
  -------------------------------------------------------------------
                         slack                                  5.416    <hidden>

Slack (MET) :             5.422ns  (required time - arrival time)
  Source:                 u_core/u_control_unit/prog_mem_reg_2/CLKARDCLK
                            (rising edge-triggered cell RAMB18E1 clocked by clk50_mmcm  {rise@0.000ns fall@10.000ns period=20.000ns})
  Destination:            u_core/u_register_file/registers_reg[7][27]/D
                            (rising edge-triggered cell FDCE clocked by clk50_mmcm  {rise@0.000ns fall@10.000ns period=20.000ns})
  Path Group:             clk50_mmcm
  Path Type:              Setup (Max at Slow Process Corner)
  Requirement:            20.000ns  (clk50_mmcm rise@20.000ns - clk50_mmcm rise@0.000ns)
  Data Path Delay:        14.320ns  (logic 8.457ns (59.056%)  route 5.863ns (40.944%))
  Logic Levels:           10  (CARRY4=2 DSP48E1=2 LUT2=2 LUT4=1 LUT5=1 LUT6=2)
  Clock Path Skew:        -0.159ns (DCD - SCD + CPR)
    Destination Clock Delay (DCD):    5.065ns = ( 25.065 - 20.000 ) 
    Source Clock Delay      (SCD):    5.427ns
    Clock Pessimism Removal (CPR):    0.202ns
  Clock Uncertainty:      0.082ns  ((TSJ^2 + DJ^2)^1/2) / 2 + PE
    Total System Jitter     (TSJ):    0.071ns
    Discrete Jitter          (DJ):    0.147ns
    Phase Error              (PE):    0.000ns

    Location             Delay type                Incr(ns)  Path(ns)    Netlist Resource(s)
  -------------------------------------------------------------------    -------------------
                         (clock clk50_mmcm rise edge)
                                                      0.000     0.000 r  <hidden>
    N15                                               0.000     0.000 r  CLK_100MHZ
                         net (fo=0)                   0.000     0.000    CLK_100MHZ
    N15                  IBUF (Prop_ibuf_I_O)         1.371     1.371 r  CLK_100MHZ_IBUF_inst/O
                         net (fo=1, routed)           1.065     2.436    CLK_100MHZ_IBUF
    MMCME2_ADV_X0Y0      MMCME2_ADV (Prop_mmcme2_adv_CLKIN1_CLKOUT0)
                                                      0.077     2.513 r  u_mmcm/CLKOUT0
                         net (fo=1, routed)           1.425     3.938    clk50_mmcm
    BUFGCTRL_X0Y0        BUFG (Prop_bufg_I_O)         0.081     4.019 r  u_bufg_clk50/O
                         net (fo=1276, routed)        1.407     5.427    u_core/u_control_unit/CLK
    RAMB18_X0Y15         RAMB18E1                                     r  u_core/u_control_unit/prog_mem_reg_2/CLKARDCLK
  -------------------------------------------------------------------    -------------------
    RAMB18_X0Y15         RAMB18E1 (Prop_ramb18e1_CLKARDCLK_DOBDO[6])
                                                      2.125     7.552 r  u_core/u_control_unit/prog_mem_reg_2/DOBDO[6]
                         net (fo=1, routed)           0.626     8.178    u_core/u_control_unit/prog_mem_reg_2_n_25
    SLICE_X9Y39          LUT2 (Prop_lut2_I0_O)        0.126     8.304 r  u_core/u_control_unit/result0_i_99/O
                         net (fo=64, routed)          1.306     9.609    u_core/u_register_file/rf_raddr1[1]
    SLICE_X29Y46         LUT6 (Prop_lut6_I2_O)        0.267     9.876 r  u_core/u_register_file/result0__0_i_22/O
                         net (fo=2, routed)           0.915    10.792    u_core/u_register_file/result0__0_i_22_n_0
    SLICE_X15Y47         LUT4 (Prop_lut4_I0_O)        0.105    10.897 r  u_core/u_register_file/result0__0_i_3/O
                         net (fo=31, routed)          0.640    11.537    u_core/u_alu/rf_rdata1[14]
    DSP48_X0Y17          DSP48E1 (Prop_dsp48e1_A[14]_PCOUT[47])
                                                      3.397    14.934 r  u_core/u_alu/result0__0/PCOUT[47]
                         net (fo=1, routed)           0.002    14.936    u_core/u_alu/result0__0_n_106
    DSP48_X0Y18          DSP48E1 (Prop_dsp48e1_PCIN[47]_P[4])
                                                      1.271    16.207 r  u_core/u_alu/result0__1/P[4]
                         net (fo=2, routed)           0.766    16.973    u_core/u_alu/result0__1_n_101
    SLICE_X12Y46         LUT2 (Prop_lut2_I0_O)        0.105    17.078 r  u_core/u_alu/registers[0][23]_i_10/O
                         net (fo=1, routed)           0.000    17.078    u_core/u_alu/registers[0][23]_i_10_n_0
    SLICE_X12Y46         CARRY4 (Prop_carry4_S[1]_CO[3])
                                                      0.444    17.522 r  u_core/u_alu/registers_reg[0][23]_i_5/CO[3]
                         net (fo=1, routed)           0.000    17.522    u_core/u_alu/registers_reg[0][23]_i_5_n_0
    SLICE_X12Y47         CARRY4 (Prop_carry4_CI_O[3])
                                                      0.262    17.784 r  u_core/u_alu/registers_reg[0][27]_i_5/O[3]
                         net (fo=1, routed)           0.530    18.313    u_core/u_control_unit/registers_reg[6][27][3]
    SLICE_X14Y47         LUT6 (Prop_lut6_I0_O)        0.250    18.563 r  u_core/u_control_unit/registers[0][27]_i_3/O
                         net (fo=1, routed)           0.530    19.093    u_core/u_control_unit/registers[0][27]_i_3_n_0
    SLICE_X8Y50          LUT5 (Prop_lut5_I2_O)        0.105    19.198 r  u_core/u_control_unit/registers[0][27]_i_1/O
                         net (fo=8, routed)           0.549    19.747    u_core/u_register_file/registers_reg[6][31]_0[27]
    SLICE_X10Y53         FDCE                                         r  u_core/u_register_file/registers_reg[7][27]/D
  -------------------------------------------------------------------    -------------------

                         (clock clk50_mmcm rise edge)
                                                     20.000    20.000 r  <hidden>
    N15                                               0.000    20.000 r  CLK_100MHZ
                         net (fo=0)                   0.000    20.000    CLK_100MHZ
    N15                  IBUF (Prop_ibuf_I_O)         1.306    21.306 r  CLK_100MHZ_IBUF_inst/O
                         net (fo=1, routed)           1.004    22.309    CLK_100MHZ_IBUF
    MMCME2_ADV_X0Y0      MMCME2_ADV (Prop_mmcme2_adv_CLKIN1_CLKOUT0)
                                                      0.073    22.382 r  u_mmcm/CLKOUT0
                         net (fo=1, routed)           1.357    23.740    clk50_mmcm
    BUFGCTRL_X0Y0        BUFG (Prop_bufg_I_O)         0.077    23.817 r  u_bufg_clk50/O
                         net (fo=1276, routed)        1.248    25.065    u_core/u_register_file/CLK
    SLICE_X10Y53         FDCE                                         r  u_core/u_register_file/registers_reg[7][27]/C
                         clock pessimism              0.202    25.267    <hidden>
                         clock uncertainty           -0.082    25.186    <hidden>
    SLICE_X10Y53         FDCE (Setup_fdce_C_D)       -0.017    25.169    u_core/u_register_file/registers_reg[7][27]
  -------------------------------------------------------------------
                         required time                         25.169    <hidden>
                         arrival time                         -19.747    <hidden>
  -------------------------------------------------------------------
                         slack                                  5.422    <hidden>





Min Delay Paths
--------------------------------------------------------------------------------------
Slack (MET) :             0.072ns  (arrival time - required time)
  Source:                 u_core/u_uart_protocol/pm_wdata_reg[12]/C
                            (rising edge-triggered cell FDCE clocked by clk50_mmcm  {rise@0.000ns fall@10.000ns period=20.000ns})
  Destination:            u_core/u_control_unit/prog_mem_reg_2/DIADI[12]
                            (rising edge-triggered cell RAMB18E1 clocked by clk50_mmcm  {rise@0.000ns fall@10.000ns period=20.000ns})
  Path Group:             clk50_mmcm
  Path Type:              Hold (Min at Fast Process Corner)
  Requirement:            0.000ns  (clk50_mmcm rise@0.000ns - clk50_mmcm rise@0.000ns)
  Data Path Delay:        0.278ns  (logic 0.164ns (58.928%)  route 0.114ns (41.072%))
  Logic Levels:           0  
  Clock Path Skew:        0.052ns (DCD - SCD - CPR)
    Destination Clock Delay (DCD):    2.361ns
    Source Clock Delay      (SCD):    1.777ns
    Clock Pessimism Removal (CPR):    0.532ns

    Location             Delay type                Incr(ns)  Path(ns)    Netlist Resource(s)
  -------------------------------------------------------------------    -------------------
                         (clock clk50_mmcm rise edge)
                                                      0.000     0.000 r  <hidden>
    N15                                               0.000     0.000 r  CLK_100MHZ
                         net (fo=0)                   0.000     0.000    CLK_100MHZ
    N15                  IBUF (Prop_ibuf_I_O)         0.209     0.209 r  CLK_100MHZ_IBUF_inst/O
                         net (fo=1, routed)           0.440     0.649    CLK_100MHZ_IBUF
    MMCME2_ADV_X0Y0      MMCME2_ADV (Prop_mmcme2_adv_CLKIN1_CLKOUT0)
                                                      0.050     0.699 r  u_mmcm/CLKOUT0
                         net (fo=1, routed)           0.489     1.188    clk50_mmcm
    BUFGCTRL_X0Y0        BUFG (Prop_bufg_I_O)         0.026     1.214 r  u_bufg_clk50/O
                         net (fo=1276, routed)        0.564     1.777    u_core/u_uart_protocol/CLK
    SLICE_X8Y38          FDCE                                         r  u_core/u_uart_protocol/pm_wdata_reg[12]/C
  -------------------------------------------------------------------    -------------------
    SLICE_X8Y38          FDCE (Prop_fdce_C_Q)         0.164     1.941 r  u_core/u_uart_protocol/pm_wdata_reg[12]/Q
                         net (fo=2, routed)           0.114     2.056    u_core/u_control_unit/prog_mem_reg_2_31[12]
    RAMB18_X0Y15         RAMB18E1                                     r  u_core/u_control_unit/prog_mem_reg_2/DIADI[12]
  -------------------------------------------------------------------    -------------------

                         (clock clk50_mmcm rise edge)
                                                      0.000     0.000 r  <hidden>
    N15                                               0.000     0.000 r  CLK_100MHZ
                         net (fo=0)                   0.000     0.000    CLK_100MHZ
    N15                  IBUF (Prop_ibuf_I_O)         0.396     0.396 r  CLK_100MHZ_IBUF_inst/O
                         net (fo=1, routed)           0.480     0.876    CLK_100MHZ_IBUF
    MMCME2_ADV_X0Y0      MMCME2_ADV (Prop_mmcme2_adv_CLKIN1_CLKOUT0)
                                                      0.053     0.929 r  u_mmcm/CLKOUT0
                         net (fo=1, routed)           0.534     1.463    clk50_mmcm
    BUFGCTRL_X0Y0        BUFG (Prop_bufg_I_O)         0.029     1.492 r  u_bufg_clk50/O
                         net (fo=1276, routed)        0.869     2.361    u_core/u_control_unit/CLK
    RAMB18_X0Y15         RAMB18E1                                     r  u_core/u_control_unit/prog_mem_reg_2/CLKBWRCLK
                         clock pessimism             -0.532     1.829    <hidden>
    RAMB18_X0Y15         RAMB18E1 (Hold_ramb18e1_CLKBWRCLK_DIADI[12])
                                                      0.155     1.984    u_core/u_control_unit/prog_mem_reg_2
  -------------------------------------------------------------------
                         required time                         -1.984    <hidden>
                         arrival time                           2.056    <hidden>
  -------------------------------------------------------------------
                         slack                                  0.072    <hidden>

Slack (MET) :             0.074ns  (arrival time - required time)
  Source:                 u_core/u_stock_buffers/g_buf[3].staged_price_reg[0]/C
                            (rising edge-triggered cell FDCE clocked by clk50_mmcm  {rise@0.000ns fall@10.000ns period=20.000ns})
  Destination:            u_core/u_stock_buffers/g_buf[3].mem_reg_0_31_0_5/RAMA/I
                            (rising edge-triggered cell RAMD32 clocked by clk50_mmcm  {rise@0.000ns fall@10.000ns period=20.000ns})
  Path Group:             clk50_mmcm
  Path Type:              Hold (Min at Fast Process Corner)
  Requirement:            0.000ns  (clk50_mmcm rise@0.000ns - clk50_mmcm rise@0.000ns)
  Data Path Delay:        0.260ns  (logic 0.141ns (54.274%)  route 0.119ns (45.726%))
  Logic Levels:           0  
  Clock Path Skew:        0.039ns (DCD - SCD - CPR)
    Destination Clock Delay (DCD):    2.355ns
    Source Clock Delay      (SCD):    1.804ns
    Clock Pessimism Removal (CPR):    0.512ns

    Location             Delay type                Incr(ns)  Path(ns)    Netlist Resource(s)
  -------------------------------------------------------------------    -------------------
                         (clock clk50_mmcm rise edge)
                                                      0.000     0.000 r  <hidden>
    N15                                               0.000     0.000 r  CLK_100MHZ
                         net (fo=0)                   0.000     0.000    CLK_100MHZ
    N15                  IBUF (Prop_ibuf_I_O)         0.209     0.209 r  CLK_100MHZ_IBUF_inst/O
                         net (fo=1, routed)           0.440     0.649    CLK_100MHZ_IBUF
    MMCME2_ADV_X0Y0      MMCME2_ADV (Prop_mmcme2_adv_CLKIN1_CLKOUT0)
                                                      0.050     0.699 r  u_mmcm/CLKOUT0
                         net (fo=1, routed)           0.489     1.188    clk50_mmcm
    BUFGCTRL_X0Y0        BUFG (Prop_bufg_I_O)         0.026     1.214 r  u_bufg_clk50/O
                         net (fo=1276, routed)        0.591     1.804    u_core/u_stock_buffers/CLK
    SLICE_X4Y54          FDCE                                         r  u_core/u_stock_buffers/g_buf[3].staged_price_reg[0]/C
  -------------------------------------------------------------------    -------------------
    SLICE_X4Y54          FDCE (Prop_fdce_C_Q)         0.141     1.945 r  u_core/u_stock_buffers/g_buf[3].staged_price_reg[0]/Q
                         net (fo=1, routed)           0.119     2.064    u_core/u_stock_buffers/g_buf[3].mem_reg_0_31_0_5/DIA0
    SLICE_X2Y54          RAMD32                                       r  u_core/u_stock_buffers/g_buf[3].mem_reg_0_31_0_5/RAMA/I
  -------------------------------------------------------------------    -------------------

                         (clock clk50_mmcm rise edge)
                                                      0.000     0.000 r  <hidden>
    N15                                               0.000     0.000 r  CLK_100MHZ
                         net (fo=0)                   0.000     0.000    CLK_100MHZ
    N15                  IBUF (Prop_ibuf_I_O)         0.396     0.396 r  CLK_100MHZ_IBUF_inst/O
                         net (fo=1, routed)           0.480     0.876    CLK_100MHZ_IBUF
    MMCME2_ADV_X0Y0      MMCME2_ADV (Prop_mmcme2_adv_CLKIN1_CLKOUT0)
                                                      0.053     0.929 r  u_mmcm/CLKOUT0
                         net (fo=1, routed)           0.534     1.463    clk50_mmcm
    BUFGCTRL_X0Y0        BUFG (Prop_bufg_I_O)         0.029     1.492 r  u_bufg_clk50/O
                         net (fo=1276, routed)        0.863     2.355    u_core/u_stock_buffers/g_buf[3].mem_reg_0_31_0_5/WCLK
    SLICE_X2Y54          RAMD32                                       r  u_core/u_stock_buffers/g_buf[3].mem_reg_0_31_0_5/RAMA/CLK
                         clock pessimism             -0.512     1.843    <hidden>
    SLICE_X2Y54          RAMD32 (Hold_ramd32_CLK_I)
                                                      0.147     1.990    u_core/u_stock_buffers/g_buf[3].mem_reg_0_31_0_5/RAMA
  -------------------------------------------------------------------
                         required time                         -1.990    <hidden>
                         arrival time                           2.064    <hidden>
  -------------------------------------------------------------------
                         slack                                  0.074    <hidden>

Slack (MET) :             0.085ns  (arrival time - required time)
  Source:                 u_core/u_stock_buffers/g_buf[1].staged_price_reg[0]/C
                            (rising edge-triggered cell FDCE clocked by clk50_mmcm  {rise@0.000ns fall@10.000ns period=20.000ns})
  Destination:            u_core/u_stock_buffers/g_buf[1].mem_reg_0_31_0_5/RAMA/I
                            (rising edge-triggered cell RAMD32 clocked by clk50_mmcm  {rise@0.000ns fall@10.000ns period=20.000ns})
  Path Group:             clk50_mmcm
  Path Type:              Hold (Min at Fast Process Corner)
  Requirement:            0.000ns  (clk50_mmcm rise@0.000ns - clk50_mmcm rise@0.000ns)
  Data Path Delay:        0.249ns  (logic 0.141ns (56.528%)  route 0.108ns (43.472%))
  Logic Levels:           0  
  Clock Path Skew:        0.017ns (DCD - SCD - CPR)
    Destination Clock Delay (DCD):    2.355ns
    Source Clock Delay      (SCD):    1.805ns
    Clock Pessimism Removal (CPR):    0.533ns

    Location             Delay type                Incr(ns)  Path(ns)    Netlist Resource(s)
  -------------------------------------------------------------------    -------------------
                         (clock clk50_mmcm rise edge)
                                                      0.000     0.000 r  <hidden>
    N15                                               0.000     0.000 r  CLK_100MHZ
                         net (fo=0)                   0.000     0.000    CLK_100MHZ
    N15                  IBUF (Prop_ibuf_I_O)         0.209     0.209 r  CLK_100MHZ_IBUF_inst/O
                         net (fo=1, routed)           0.440     0.649    CLK_100MHZ_IBUF
    MMCME2_ADV_X0Y0      MMCME2_ADV (Prop_mmcme2_adv_CLKIN1_CLKOUT0)
                                                      0.050     0.699 r  u_mmcm/CLKOUT0
                         net (fo=1, routed)           0.489     1.188    clk50_mmcm
    BUFGCTRL_X0Y0        BUFG (Prop_bufg_I_O)         0.026     1.214 r  u_bufg_clk50/O
                         net (fo=1276, routed)        0.592     1.805    u_core/u_stock_buffers/CLK
    SLICE_X3Y57          FDCE                                         r  u_core/u_stock_buffers/g_buf[1].staged_price_reg[0]/C
  -------------------------------------------------------------------    -------------------
    SLICE_X3Y57          FDCE (Prop_fdce_C_Q)         0.141     1.946 r  u_core/u_stock_buffers/g_buf[1].staged_price_reg[0]/Q
                         net (fo=1, routed)           0.108     2.055    u_core/u_stock_buffers/g_buf[1].mem_reg_0_31_0_5/DIA0
    SLICE_X2Y56          RAMD32                                       r  u_core/u_stock_buffers/g_buf[1].mem_reg_0_31_0_5/RAMA/I
  -------------------------------------------------------------------    -------------------

                         (clock clk50_mmcm rise edge)
                                                      0.000     0.000 r  <hidden>
    N15                                               0.000     0.000 r  CLK_100MHZ
                         net (fo=0)                   0.000     0.000    CLK_100MHZ
    N15                  IBUF (Prop_ibuf_I_O)         0.396     0.396 r  CLK_100MHZ_IBUF_inst/O
                         net (fo=1, routed)           0.480     0.876    CLK_100MHZ_IBUF
    MMCME2_ADV_X0Y0      MMCME2_ADV (Prop_mmcme2_adv_CLKIN1_CLKOUT0)
                                                      0.053     0.929 r  u_mmcm/CLKOUT0
                         net (fo=1, routed)           0.534     1.463    clk50_mmcm
    BUFGCTRL_X0Y0        BUFG (Prop_bufg_I_O)         0.029     1.492 r  u_bufg_clk50/O
                         net (fo=1276, routed)        0.863     2.355    u_core/u_stock_buffers/g_buf[1].mem_reg_0_31_0_5/WCLK
    SLICE_X2Y56          RAMD32                                       r  u_core/u_stock_buffers/g_buf[1].mem_reg_0_31_0_5/RAMA/CLK
                         clock pessimism             -0.533     1.822    <hidden>
    SLICE_X2Y56          RAMD32 (Hold_ramd32_CLK_I)
                                                      0.147     1.969    u_core/u_stock_buffers/g_buf[1].mem_reg_0_31_0_5/RAMA
  -------------------------------------------------------------------
                         required time                         -1.969    <hidden>
                         arrival time                           2.055    <hidden>
  -------------------------------------------------------------------
                         slack                                  0.085    <hidden>

Slack (MET) :             0.086ns  (arrival time - required time)
  Source:                 u_core/u_stock_buffers/g_buf[1].staged_price_reg[12]/C
                            (rising edge-triggered cell FDCE clocked by clk50_mmcm  {rise@0.000ns fall@10.000ns period=20.000ns})
  Destination:            u_core/u_stock_buffers/g_buf[1].mem_reg_0_31_12_15/RAMA/I
                            (rising edge-triggered cell RAMD32 clocked by clk50_mmcm  {rise@0.000ns fall@10.000ns period=20.000ns})
  Path Group:             clk50_mmcm
  Path Type:              Hold (Min at Fast Process Corner)
  Requirement:            0.000ns  (clk50_mmcm rise@0.000ns - clk50_mmcm rise@0.000ns)
  Data Path Delay:        0.249ns  (logic 0.141ns (56.528%)  route 0.108ns (43.472%))
  Logic Levels:           0  
  Clock Path Skew:        0.016ns (DCD - SCD - CPR)
    Destination Clock Delay (DCD):    2.354ns
    Source Clock Delay      (SCD):    1.805ns
    Clock Pessimism Removal (CPR):    0.533ns

    Location             Delay type                Incr(ns)  Path(ns)    Netlist Resource(s)
  -------------------------------------------------------------------    -------------------
                         (clock clk50_mmcm rise edge)
                                                      0.000     0.000 r  <hidden>
    N15                                               0.000     0.000 r  CLK_100MHZ
                         net (fo=0)                   0.000     0.000    CLK_100MHZ
    N15                  IBUF (Prop_ibuf_I_O)         0.209     0.209 r  CLK_100MHZ_IBUF_inst/O
                         net (fo=1, routed)           0.440     0.649    CLK_100MHZ_IBUF
    MMCME2_ADV_X0Y0      MMCME2_ADV (Prop_mmcme2_adv_CLKIN1_CLKOUT0)
                                                      0.050     0.699 r  u_mmcm/CLKOUT0
                         net (fo=1, routed)           0.489     1.188    clk50_mmcm
    BUFGCTRL_X0Y0        BUFG (Prop_bufg_I_O)         0.026     1.214 r  u_bufg_clk50/O
                         net (fo=1276, routed)        0.592     1.805    u_core/u_stock_buffers/CLK
    SLICE_X3Y57          FDCE                                         r  u_core/u_stock_buffers/g_buf[1].staged_price_reg[12]/C
  -------------------------------------------------------------------    -------------------
    SLICE_X3Y57          FDCE (Prop_fdce_C_Q)         0.141     1.946 r  u_core/u_stock_buffers/g_buf[1].staged_price_reg[12]/Q
                         net (fo=1, routed)           0.108     2.055    u_core/u_stock_buffers/g_buf[1].mem_reg_0_31_12_15/DIA0
    SLICE_X2Y58          RAMD32                                       r  u_core/u_stock_buffers/g_buf[1].mem_reg_0_31_12_15/RAMA/I
  -------------------------------------------------------------------    -------------------

                         (clock clk50_mmcm rise edge)
                                                      0.000     0.000 r  <hidden>
    N15                                               0.000     0.000 r  CLK_100MHZ
                         net (fo=0)                   0.000     0.000    CLK_100MHZ
    N15                  IBUF (Prop_ibuf_I_O)         0.396     0.396 r  CLK_100MHZ_IBUF_inst/O
                         net (fo=1, routed)           0.480     0.876    CLK_100MHZ_IBUF
    MMCME2_ADV_X0Y0      MMCME2_ADV (Prop_mmcme2_adv_CLKIN1_CLKOUT0)
                                                      0.053     0.929 r  u_mmcm/CLKOUT0
                         net (fo=1, routed)           0.534     1.463    clk50_mmcm
    BUFGCTRL_X0Y0        BUFG (Prop_bufg_I_O)         0.029     1.492 r  u_bufg_clk50/O
                         net (fo=1276, routed)        0.862     2.354    u_core/u_stock_buffers/g_buf[1].mem_reg_0_31_12_15/WCLK
    SLICE_X2Y58          RAMD32                                       r  u_core/u_stock_buffers/g_buf[1].mem_reg_0_31_12_15/RAMA/CLK
                         clock pessimism             -0.533     1.821    <hidden>
    SLICE_X2Y58          RAMD32 (Hold_ramd32_CLK_I)
                                                      0.147     1.968    u_core/u_stock_buffers/g_buf[1].mem_reg_0_31_12_15/RAMA
  -------------------------------------------------------------------
                         required time                         -1.968    <hidden>
                         arrival time                           2.055    <hidden>
  -------------------------------------------------------------------
                         slack                                  0.086    <hidden>

Slack (MET) :             0.092ns  (arrival time - required time)
  Source:                 u_core/u_stock_buffers/g_buf[1].staged_price_reg[2]/C
                            (rising edge-triggered cell FDCE clocked by clk50_mmcm  {rise@0.000ns fall@10.000ns period=20.000ns})
  Destination:            u_core/u_stock_buffers/g_buf[1].mem_reg_0_31_0_5/RAMB/I
                            (rising edge-triggered cell RAMD32 clocked by clk50_mmcm  {rise@0.000ns fall@10.000ns period=20.000ns})
  Path Group:             clk50_mmcm
  Path Type:              Hold (Min at Fast Process Corner)
  Requirement:            0.000ns  (clk50_mmcm rise@0.000ns - clk50_mmcm rise@0.000ns)
  Data Path Delay:        0.251ns  (logic 0.141ns (56.078%)  route 0.110ns (43.922%))
  Logic Levels:           0  
  Clock Path Skew:        0.013ns (DCD - SCD - CPR)
    Destination Clock Delay (DCD):    2.355ns
    Source Clock Delay      (SCD):    1.806ns
    Clock Pessimism Removal (CPR):    0.536ns

    Location             Delay type                Incr(ns)  Path(ns)    Netlist Resource(s)
  -------------------------------------------------------------------    -------------------
                         (clock clk50_mmcm rise edge)
                                                      0.000     0.000 r  <hidden>
    N15                                               0.000     0.000 r  CLK_100MHZ
                         net (fo=0)                   0.000     0.000    CLK_100MHZ
    N15                  IBUF (Prop_ibuf_I_O)         0.209     0.209 r  CLK_100MHZ_IBUF_inst/O
                         net (fo=1, routed)           0.440     0.649    CLK_100MHZ_IBUF
    MMCME2_ADV_X0Y0      MMCME2_ADV (Prop_mmcme2_adv_CLKIN1_CLKOUT0)
                                                      0.050     0.699 r  u_mmcm/CLKOUT0
                         net (fo=1, routed)           0.489     1.188    clk50_mmcm
    BUFGCTRL_X0Y0        BUFG (Prop_bufg_I_O)         0.026     1.214 r  u_bufg_clk50/O
                         net (fo=1276, routed)        0.593     1.806    u_core/u_stock_buffers/CLK
    SLICE_X3Y56          FDCE                                         r  u_core/u_stock_buffers/g_buf[1].staged_price_reg[2]/C
  -------------------------------------------------------------------    -------------------
    SLICE_X3Y56          FDCE (Prop_fdce_C_Q)         0.141     1.947 r  u_core/u_stock_buffers/g_buf[1].staged_price_reg[2]/Q
                         net (fo=1, routed)           0.110     2.058    u_core/u_stock_buffers/g_buf[1].mem_reg_0_31_0_5/DIB0
    SLICE_X2Y56          RAMD32                                       r  u_core/u_stock_buffers/g_buf[1].mem_reg_0_31_0_5/RAMB/I
  -------------------------------------------------------------------    -------------------

                         (clock clk50_mmcm rise edge)
                                                      0.000     0.000 r  <hidden>
    N15                                               0.000     0.000 r  CLK_100MHZ
                         net (fo=0)                   0.000     0.000    CLK_100MHZ
    N15                  IBUF (Prop_ibuf_I_O)         0.396     0.396 r  CLK_100MHZ_IBUF_inst/O
                         net (fo=1, routed)           0.480     0.876    CLK_100MHZ_IBUF
    MMCME2_ADV_X0Y0      MMCME2_ADV (Prop_mmcme2_adv_CLKIN1_CLKOUT0)
                                                      0.053     0.929 r  u_mmcm/CLKOUT0
                         net (fo=1, routed)           0.534     1.463    clk50_mmcm
    BUFGCTRL_X0Y0        BUFG (Prop_bufg_I_O)         0.029     1.492 r  u_bufg_clk50/O
                         net (fo=1276, routed)        0.863     2.355    u_core/u_stock_buffers/g_buf[1].mem_reg_0_31_0_5/WCLK
    SLICE_X2Y56          RAMD32                                       r  u_core/u_stock_buffers/g_buf[1].mem_reg_0_31_0_5/RAMB/CLK
                         clock pessimism             -0.536     1.819    <hidden>
    SLICE_X2Y56          RAMD32 (Hold_ramd32_CLK_I)
                                                      0.146     1.965    u_core/u_stock_buffers/g_buf[1].mem_reg_0_31_0_5/RAMB
  -------------------------------------------------------------------
                         required time                         -1.965    <hidden>
                         arrival time                           2.058    <hidden>
  -------------------------------------------------------------------
                         slack                                  0.092    <hidden>

Slack (MET) :             0.092ns  (arrival time - required time)
  Source:                 u_core/u_stock_buffers/g_buf[3].staged_price_reg[12]/C
                            (rising edge-triggered cell FDCE clocked by clk50_mmcm  {rise@0.000ns fall@10.000ns period=20.000ns})
  Destination:            u_core/u_stock_buffers/g_buf[3].mem_reg_0_31_12_15/RAMA/I
                            (rising edge-triggered cell RAMD32 clocked by clk50_mmcm  {rise@0.000ns fall@10.000ns period=20.000ns})
  Path Group:             clk50_mmcm
  Path Type:              Hold (Min at Fast Process Corner)
  Requirement:            0.000ns  (clk50_mmcm rise@0.000ns - clk50_mmcm rise@0.000ns)
  Data Path Delay:        0.252ns  (logic 0.141ns (55.856%)  route 0.111ns (44.144%))
  Logic Levels:           0  
  Clock Path Skew:        0.013ns (DCD - SCD - CPR)
    Destination Clock Delay (DCD):    2.353ns
    Source Clock Delay      (SCD):    1.804ns
    Clock Pessimism Removal (CPR):    0.536ns

    Location             Delay type                Incr(ns)  Path(ns)    Netlist Resource(s)
  -------------------------------------------------------------------    -------------------
                         (clock clk50_mmcm rise edge)
                                                      0.000     0.000 r  <hidden>
    N15                                               0.000     0.000 r  CLK_100MHZ
                         net (fo=0)                   0.000     0.000    CLK_100MHZ
    N15                  IBUF (Prop_ibuf_I_O)         0.209     0.209 r  CLK_100MHZ_IBUF_inst/O
                         net (fo=1, routed)           0.440     0.649    CLK_100MHZ_IBUF
    MMCME2_ADV_X0Y0      MMCME2_ADV (Prop_mmcme2_adv_CLKIN1_CLKOUT0)
                                                      0.050     0.699 r  u_mmcm/CLKOUT0
                         net (fo=1, routed)           0.489     1.188    clk50_mmcm
    BUFGCTRL_X0Y0        BUFG (Prop_bufg_I_O)         0.026     1.214 r  u_bufg_clk50/O
                         net (fo=1276, routed)        0.591     1.804    u_core/u_stock_buffers/CLK
    SLICE_X7Y56          FDCE                                         r  u_core/u_stock_buffers/g_buf[3].staged_price_reg[12]/C
  -------------------------------------------------------------------    -------------------
    SLICE_X7Y56          FDCE (Prop_fdce_C_Q)         0.141     1.945 r  u_core/u_stock_buffers/g_buf[3].staged_price_reg[12]/Q
                         net (fo=1, routed)           0.111     2.057    u_core/u_stock_buffers/g_buf[3].mem_reg_0_31_12_15/DIA0
    SLICE_X6Y56          RAMD32                                       r  u_core/u_stock_buffers/g_buf[3].mem_reg_0_31_12_15/RAMA/I
  -------------------------------------------------------------------    -------------------

                         (clock clk50_mmcm rise edge)
                                                      0.000     0.000 r  <hidden>
    N15                                               0.000     0.000 r  CLK_100MHZ
                         net (fo=0)                   0.000     0.000    CLK_100MHZ
    N15                  IBUF (Prop_ibuf_I_O)         0.396     0.396 r  CLK_100MHZ_IBUF_inst/O
                         net (fo=1, routed)           0.480     0.876    CLK_100MHZ_IBUF
    MMCME2_ADV_X0Y0      MMCME2_ADV (Prop_mmcme2_adv_CLKIN1_CLKOUT0)
                                                      0.053     0.929 r  u_mmcm/CLKOUT0
                         net (fo=1, routed)           0.534     1.463    clk50_mmcm
    BUFGCTRL_X0Y0        BUFG (Prop_bufg_I_O)         0.029     1.492 r  u_bufg_clk50/O
                         net (fo=1276, routed)        0.861     2.353    u_core/u_stock_buffers/g_buf[3].mem_reg_0_31_12_15/WCLK
    SLICE_X6Y56          RAMD32                                       r  u_core/u_stock_buffers/g_buf[3].mem_reg_0_31_12_15/RAMA/CLK
                         clock pessimism             -0.536     1.817    <hidden>
    SLICE_X6Y56          RAMD32 (Hold_ramd32_CLK_I)
                                                      0.147     1.964    u_core/u_stock_buffers/g_buf[3].mem_reg_0_31_12_15/RAMA
  -------------------------------------------------------------------
                         required time                         -1.964    <hidden>
                         arrival time                           2.057    <hidden>
  -------------------------------------------------------------------
                         slack                                  0.092    <hidden>

Slack (MET) :             0.092ns  (arrival time - required time)
  Source:                 u_core/u_stock_buffers/g_buf[4].staged_price_reg[12]/C
                            (rising edge-triggered cell FDCE clocked by clk50_mmcm  {rise@0.000ns fall@10.000ns period=20.000ns})
  Destination:            u_core/u_stock_buffers/g_buf[4].mem_reg_0_31_12_15/RAMA/I
                            (rising edge-triggered cell RAMD32 clocked by clk50_mmcm  {rise@0.000ns fall@10.000ns period=20.000ns})
  Path Group:             clk50_mmcm
  Path Type:              Hold (Min at Fast Process Corner)
  Requirement:            0.000ns  (clk50_mmcm rise@0.000ns - clk50_mmcm rise@0.000ns)
  Data Path Delay:        0.252ns  (logic 0.141ns (55.856%)  route 0.111ns (44.144%))
  Logic Levels:           0  
  Clock Path Skew:        0.013ns (DCD - SCD - CPR)
    Destination Clock Delay (DCD):    2.353ns
    Source Clock Delay      (SCD):    1.804ns
    Clock Pessimism Removal (CPR):    0.536ns

    Location             Delay type                Incr(ns)  Path(ns)    Netlist Resource(s)
  -------------------------------------------------------------------    -------------------
                         (clock clk50_mmcm rise edge)
                                                      0.000     0.000 r  <hidden>
    N15                                               0.000     0.000 r  CLK_100MHZ
                         net (fo=0)                   0.000     0.000    CLK_100MHZ
    N15                  IBUF (Prop_ibuf_I_O)         0.209     0.209 r  CLK_100MHZ_IBUF_inst/O
                         net (fo=1, routed)           0.440     0.649    CLK_100MHZ_IBUF
    MMCME2_ADV_X0Y0      MMCME2_ADV (Prop_mmcme2_adv_CLKIN1_CLKOUT0)
                                                      0.050     0.699 r  u_mmcm/CLKOUT0
                         net (fo=1, routed)           0.489     1.188    clk50_mmcm
    BUFGCTRL_X0Y0        BUFG (Prop_bufg_I_O)         0.026     1.214 r  u_bufg_clk50/O
                         net (fo=1276, routed)        0.591     1.804    u_core/u_stock_buffers/CLK
    SLICE_X7Y53          FDCE                                         r  u_core/u_stock_buffers/g_buf[4].staged_price_reg[12]/C
  -------------------------------------------------------------------    -------------------
    SLICE_X7Y53          FDCE (Prop_fdce_C_Q)         0.141     1.945 r  u_core/u_stock_buffers/g_buf[4].staged_price_reg[12]/Q
                         net (fo=1, routed)           0.111     2.057    u_core/u_stock_buffers/g_buf[4].mem_reg_0_31_12_15/DIA0
    SLICE_X6Y53          RAMD32                                       r  u_core/u_stock_buffers/g_buf[4].mem_reg_0_31_12_15/RAMA/I
  -------------------------------------------------------------------    -------------------

                         (clock clk50_mmcm rise edge)
                                                      0.000     0.000 r  <hidden>
    N15                                               0.000     0.000 r  CLK_100MHZ
                         net (fo=0)                   0.000     0.000    CLK_100MHZ
    N15                  IBUF (Prop_ibuf_I_O)         0.396     0.396 r  CLK_100MHZ_IBUF_inst/O
                         net (fo=1, routed)           0.480     0.876    CLK_100MHZ_IBUF
    MMCME2_ADV_X0Y0      MMCME2_ADV (Prop_mmcme2_adv_CLKIN1_CLKOUT0)
                                                      0.053     0.929 r  u_mmcm/CLKOUT0
                         net (fo=1, routed)           0.534     1.463    clk50_mmcm
    BUFGCTRL_X0Y0        BUFG (Prop_bufg_I_O)         0.029     1.492 r  u_bufg_clk50/O
                         net (fo=1276, routed)        0.861     2.353    u_core/u_stock_buffers/g_buf[4].mem_reg_0_31_12_15/WCLK
    SLICE_X6Y53          RAMD32                                       r  u_core/u_stock_buffers/g_buf[4].mem_reg_0_31_12_15/RAMA/CLK
                         clock pessimism             -0.536     1.817    <hidden>
    SLICE_X6Y53          RAMD32 (Hold_ramd32_CLK_I)
                                                      0.147     1.964    u_core/u_stock_buffers/g_buf[4].mem_reg_0_31_12_15/RAMA
  -------------------------------------------------------------------
                         required time                         -1.964    <hidden>
                         arrival time                           2.057    <hidden>
  -------------------------------------------------------------------
                         slack                                  0.092    <hidden>

Slack (MET) :             0.093ns  (arrival time - required time)
  Source:                 u_core/u_uart_protocol/u_msg_fifo/wptr_reg[1]/C
                            (rising edge-triggered cell FDCE clocked by clk50_mmcm  {rise@0.000ns fall@10.000ns period=20.000ns})
  Destination:            u_core/u_uart_protocol/u_msg_fifo/mem_reg_0_7_12_17/RAMA/WADR1
                            (rising edge-triggered cell RAMD32 clocked by clk50_mmcm  {rise@0.000ns fall@10.000ns period=20.000ns})
  Path Group:             clk50_mmcm
  Path Type:              Hold (Min at Fast Process Corner)
  Requirement:            0.000ns  (clk50_mmcm rise@0.000ns - clk50_mmcm rise@0.000ns)
  Data Path Delay:        0.361ns  (logic 0.128ns (35.474%)  route 0.233ns (64.526%))
  Logic Levels:           0  
  Clock Path Skew:        0.013ns (DCD - SCD - CPR)
    Destination Clock Delay (DCD):    2.354ns
    Source Clock Delay      (SCD):    1.805ns
    Clock Pessimism Removal (CPR):    0.536ns

    Location             Delay type                Incr(ns)  Path(ns)    Netlist Resource(s)
  -------------------------------------------------------------------    -------------------
                         (clock clk50_mmcm rise edge)
                                                      0.000     0.000 r  <hidden>
    N15                                               0.000     0.000 r  CLK_100MHZ
                         net (fo=0)                   0.000     0.000    CLK_100MHZ
    N15                  IBUF (Prop_ibuf_I_O)         0.209     0.209 r  CLK_100MHZ_IBUF_inst/O
                         net (fo=1, routed)           0.440     0.649    CLK_100MHZ_IBUF
    MMCME2_ADV_X0Y0      MMCME2_ADV (Prop_mmcme2_adv_CLKIN1_CLKOUT0)
                                                      0.050     0.699 r  u_mmcm/CLKOUT0
                         net (fo=1, routed)           0.489     1.188    clk50_mmcm
    BUFGCTRL_X0Y0        BUFG (Prop_bufg_I_O)         0.026     1.214 r  u_bufg_clk50/O
                         net (fo=1276, routed)        0.592     1.805    u_core/u_uart_protocol/u_msg_fifo/CLK
    SLICE_X7Y41          FDCE                                         r  u_core/u_uart_protocol/u_msg_fifo/wptr_reg[1]/C
  -------------------------------------------------------------------    -------------------
    SLICE_X7Y41          FDCE (Prop_fdce_C_Q)         0.128     1.933 r  u_core/u_uart_protocol/u_msg_fifo/wptr_reg[1]/Q
                         net (fo=52, routed)          0.233     2.166    u_core/u_uart_protocol/u_msg_fifo/mem_reg_0_7_12_17/ADDRD1
    SLICE_X6Y41          RAMD32                                       r  u_core/u_uart_protocol/u_msg_fifo/mem_reg_0_7_12_17/RAMA/WADR1
  -------------------------------------------------------------------    -------------------

                         (clock clk50_mmcm rise edge)
                                                      0.000     0.000 r  <hidden>
    N15                                               0.000     0.000 r  CLK_100MHZ
                         net (fo=0)                   0.000     0.000    CLK_100MHZ
    N15                  IBUF (Prop_ibuf_I_O)         0.396     0.396 r  CLK_100MHZ_IBUF_inst/O
                         net (fo=1, routed)           0.480     0.876    CLK_100MHZ_IBUF
    MMCME2_ADV_X0Y0      MMCME2_ADV (Prop_mmcme2_adv_CLKIN1_CLKOUT0)
                                                      0.053     0.929 r  u_mmcm/CLKOUT0
                         net (fo=1, routed)           0.534     1.463    clk50_mmcm
    BUFGCTRL_X0Y0        BUFG (Prop_bufg_I_O)         0.029     1.492 r  u_bufg_clk50/O
                         net (fo=1276, routed)        0.863     2.354    u_core/u_uart_protocol/u_msg_fifo/mem_reg_0_7_12_17/WCLK
    SLICE_X6Y41          RAMD32                                       r  u_core/u_uart_protocol/u_msg_fifo/mem_reg_0_7_12_17/RAMA/CLK
                         clock pessimism             -0.536     1.818    <hidden>
    SLICE_X6Y41          RAMD32 (Hold_ramd32_CLK_WADR1)
                                                      0.255     2.073    u_core/u_uart_protocol/u_msg_fifo/mem_reg_0_7_12_17/RAMA
  -------------------------------------------------------------------
                         required time                         -2.073    <hidden>
                         arrival time                           2.166    <hidden>
  -------------------------------------------------------------------
                         slack                                  0.093    <hidden>

Slack (MET) :             0.093ns  (arrival time - required time)
  Source:                 u_core/u_uart_protocol/u_msg_fifo/wptr_reg[1]/C
                            (rising edge-triggered cell FDCE clocked by clk50_mmcm  {rise@0.000ns fall@10.000ns period=20.000ns})
  Destination:            u_core/u_uart_protocol/u_msg_fifo/mem_reg_0_7_12_17/RAMA_D1/WADR1
                            (rising edge-triggered cell RAMD32 clocked by clk50_mmcm  {rise@0.000ns fall@10.000ns period=20.000ns})
  Path Group:             clk50_mmcm
  Path Type:              Hold (Min at Fast Process Corner)
  Requirement:            0.000ns  (clk50_mmcm rise@0.000ns - clk50_mmcm rise@0.000ns)
  Data Path Delay:        0.361ns  (logic 0.128ns (35.474%)  route 0.233ns (64.526%))
  Logic Levels:           0  
  Clock Path Skew:        0.013ns (DCD - SCD - CPR)
    Destination Clock Delay (DCD):    2.354ns
    Source Clock Delay      (SCD):    1.805ns
    Clock Pessimism Removal (CPR):    0.536ns

    Location             Delay type                Incr(ns)  Path(ns)    Netlist Resource(s)
  -------------------------------------------------------------------    -------------------
                         (clock clk50_mmcm rise edge)
                                                      0.000     0.000 r  <hidden>
    N15                                               0.000     0.000 r  CLK_100MHZ
                         net (fo=0)                   0.000     0.000    CLK_100MHZ
    N15                  IBUF (Prop_ibuf_I_O)         0.209     0.209 r  CLK_100MHZ_IBUF_inst/O
                         net (fo=1, routed)           0.440     0.649    CLK_100MHZ_IBUF
    MMCME2_ADV_X0Y0      MMCME2_ADV (Prop_mmcme2_adv_CLKIN1_CLKOUT0)
                                                      0.050     0.699 r  u_mmcm/CLKOUT0
                         net (fo=1, routed)           0.489     1.188    clk50_mmcm
    BUFGCTRL_X0Y0        BUFG (Prop_bufg_I_O)         0.026     1.214 r  u_bufg_clk50/O
                         net (fo=1276, routed)        0.592     1.805    u_core/u_uart_protocol/u_msg_fifo/CLK
    SLICE_X7Y41          FDCE                                         r  u_core/u_uart_protocol/u_msg_fifo/wptr_reg[1]/C
  -------------------------------------------------------------------    -------------------
    SLICE_X7Y41          FDCE (Prop_fdce_C_Q)         0.128     1.933 r  u_core/u_uart_protocol/u_msg_fifo/wptr_reg[1]/Q
                         net (fo=52, routed)          0.233     2.166    u_core/u_uart_protocol/u_msg_fifo/mem_reg_0_7_12_17/ADDRD1
    SLICE_X6Y41          RAMD32                                       r  u_core/u_uart_protocol/u_msg_fifo/mem_reg_0_7_12_17/RAMA_D1/WADR1
  -------------------------------------------------------------------    -------------------

                         (clock clk50_mmcm rise edge)
                                                      0.000     0.000 r  <hidden>
    N15                                               0.000     0.000 r  CLK_100MHZ
                         net (fo=0)                   0.000     0.000    CLK_100MHZ
    N15                  IBUF (Prop_ibuf_I_O)         0.396     0.396 r  CLK_100MHZ_IBUF_inst/O
                         net (fo=1, routed)           0.480     0.876    CLK_100MHZ_IBUF
    MMCME2_ADV_X0Y0      MMCME2_ADV (Prop_mmcme2_adv_CLKIN1_CLKOUT0)
                                                      0.053     0.929 r  u_mmcm/CLKOUT0
                         net (fo=1, routed)           0.534     1.463    clk50_mmcm
    BUFGCTRL_X0Y0        BUFG (Prop_bufg_I_O)         0.029     1.492 r  u_bufg_clk50/O
                         net (fo=1276, routed)        0.863     2.354    u_core/u_uart_protocol/u_msg_fifo/mem_reg_0_7_12_17/WCLK
    SLICE_X6Y41          RAMD32                                       r  u_core/u_uart_protocol/u_msg_fifo/mem_reg_0_7_12_17/RAMA_D1/CLK
                         clock pessimism             -0.536     1.818    <hidden>
    SLICE_X6Y41          RAMD32 (Hold_ramd32_CLK_WADR1)
                                                      0.255     2.073    u_core/u_uart_protocol/u_msg_fifo/mem_reg_0_7_12_17/RAMA_D1
  -------------------------------------------------------------------
                         required time                         -2.073    <hidden>
                         arrival time                           2.166    <hidden>
  -------------------------------------------------------------------
                         slack                                  0.093    <hidden>

Slack (MET) :             0.093ns  (arrival time - required time)
  Source:                 u_core/u_uart_protocol/u_msg_fifo/wptr_reg[1]/C
                            (rising edge-triggered cell FDCE clocked by clk50_mmcm  {rise@0.000ns fall@10.000ns period=20.000ns})
  Destination:            u_core/u_uart_protocol/u_msg_fifo/mem_reg_0_7_12_17/RAMB/WADR1
                            (rising edge-triggered cell RAMD32 clocked by clk50_mmcm  {rise@0.000ns fall@10.000ns period=20.000ns})
  Path Group:             clk50_mmcm
  Path Type:              Hold (Min at Fast Process Corner)
  Requirement:            0.000ns  (clk50_mmcm rise@0.000ns - clk50_mmcm rise@0.000ns)
  Data Path Delay:        0.361ns  (logic 0.128ns (35.474%)  route 0.233ns (64.526%))
  Logic Levels:           0  
  Clock Path Skew:        0.013ns (DCD - SCD - CPR)
    Destination Clock Delay (DCD):    2.354ns
    Source Clock Delay      (SCD):    1.805ns
    Clock Pessimism Removal (CPR):    0.536ns

    Location             Delay type                Incr(ns)  Path(ns)    Netlist Resource(s)
  -------------------------------------------------------------------    -------------------
                         (clock clk50_mmcm rise edge)
                                                      0.000     0.000 r  <hidden>
    N15                                               0.000     0.000 r  CLK_100MHZ
                         net (fo=0)                   0.000     0.000    CLK_100MHZ
    N15                  IBUF (Prop_ibuf_I_O)         0.209     0.209 r  CLK_100MHZ_IBUF_inst/O
                         net (fo=1, routed)           0.440     0.649    CLK_100MHZ_IBUF
    MMCME2_ADV_X0Y0      MMCME2_ADV (Prop_mmcme2_adv_CLKIN1_CLKOUT0)
                                                      0.050     0.699 r  u_mmcm/CLKOUT0
                         net (fo=1, routed)           0.489     1.188    clk50_mmcm
    BUFGCTRL_X0Y0        BUFG (Prop_bufg_I_O)         0.026     1.214 r  u_bufg_clk50/O
                         net (fo=1276, routed)        0.592     1.805    u_core/u_uart_protocol/u_msg_fifo/CLK
    SLICE_X7Y41          FDCE                                         r  u_core/u_uart_protocol/u_msg_fifo/wptr_reg[1]/C
  -------------------------------------------------------------------    -------------------
    SLICE_X7Y41          FDCE (Prop_fdce_C_Q)         0.128     1.933 r  u_core/u_uart_protocol/u_msg_fifo/wptr_reg[1]/Q
                         net (fo=52, routed)          0.233     2.166    u_core/u_uart_protocol/u_msg_fifo/mem_reg_0_7_12_17/ADDRD1
    SLICE_X6Y41          RAMD32                                       r  u_core/u_uart_protocol/u_msg_fifo/mem_reg_0_7_12_17/RAMB/WADR1
  -------------------------------------------------------------------    -------------------

                         (clock clk50_mmcm rise edge)
                                                      0.000     0.000 r  <hidden>
    N15                                               0.000     0.000 r  CLK_100MHZ
                         net (fo=0)                   0.000     0.000    CLK_100MHZ
    N15                  IBUF (Prop_ibuf_I_O)         0.396     0.396 r  CLK_100MHZ_IBUF_inst/O
                         net (fo=1, routed)           0.480     0.876    CLK_100MHZ_IBUF
    MMCME2_ADV_X0Y0      MMCME2_ADV (Prop_mmcme2_adv_CLKIN1_CLKOUT0)
                                                      0.053     0.929 r  u_mmcm/CLKOUT0
                         net (fo=1, routed)           0.534     1.463    clk50_mmcm
    BUFGCTRL_X0Y0        BUFG (Prop_bufg_I_O)         0.029     1.492 r  u_bufg_clk50/O
                         net (fo=1276, routed)        0.863     2.354    u_core/u_uart_protocol/u_msg_fifo/mem_reg_0_7_12_17/WCLK
    SLICE_X6Y41          RAMD32                                       r  u_core/u_uart_protocol/u_msg_fifo/mem_reg_0_7_12_17/RAMB/CLK
                         clock pessimism             -0.536     1.818    <hidden>
    SLICE_X6Y41          RAMD32 (Hold_ramd32_CLK_WADR1)
                                                      0.255     2.073    u_core/u_uart_protocol/u_msg_fifo/mem_reg_0_7_12_17/RAMB
  -------------------------------------------------------------------
                         required time                         -2.073    <hidden>
                         arrival time                           2.166    <hidden>
  -------------------------------------------------------------------
                         slack                                  0.093    <hidden>





Pulse Width Checks
--------------------------------------------------------------------------------------
Clock Name:         clk50_mmcm
Waveform(ns):       { 0.000 10.000 }
Period(ns):         20.000
Sources:            { u_mmcm/CLKOUT0 }

Check Type        Corner  Lib Pin             Reference Pin  Required(ns)  Actual(ns)  Slack(ns)  Location         Pin
Min Period        n/a     RAMB18E1/CLKARDCLK  n/a            2.472         20.000      17.528     RAMB18_X0Y14     u_core/u_control_unit/prog_mem_reg_1/CLKARDCLK
Min Period        n/a     RAMB18E1/CLKBWRCLK  n/a            2.472         20.000      17.528     RAMB18_X0Y14     u_core/u_control_unit/prog_mem_reg_1/CLKBWRCLK
Min Period        n/a     RAMB18E1/CLKARDCLK  n/a            2.472         20.000      17.528     RAMB18_X0Y15     u_core/u_control_unit/prog_mem_reg_2/CLKARDCLK
Min Period        n/a     RAMB18E1/CLKBWRCLK  n/a            2.472         20.000      17.528     RAMB18_X0Y15     u_core/u_control_unit/prog_mem_reg_2/CLKBWRCLK
Min Period        n/a     BUFG/I              n/a            1.592         20.000      18.408     BUFGCTRL_X0Y0    u_bufg_clk50/I
Min Period        n/a     MMCME2_ADV/CLKOUT0  n/a            1.249         20.000      18.751     MMCME2_ADV_X0Y0  u_mmcm/CLKOUT0
Min Period        n/a     FDRE/C              n/a            1.000         20.000      19.000     SLICE_X1Y43      btn_meta_reg/C
Min Period        n/a     FDRE/C              n/a            1.000         20.000      19.000     SLICE_X0Y31      btn_sync_reg/C
Min Period        n/a     FDRE/C              n/a            1.000         20.000      19.000     SLICE_X0Y26      locked_sync_reg[0]/C
Min Period        n/a     FDRE/C              n/a            1.000         20.000      19.000     SLICE_X0Y26      locked_sync_reg[1]/C
Max Period        n/a     MMCME2_ADV/CLKOUT0  n/a            213.360       20.000      193.360    MMCME2_ADV_X0Y0  u_mmcm/CLKOUT0
Low Pulse Width   Slow    RAMD32/CLK          n/a            1.130         10.000      8.870      SLICE_X2Y51      u_core/u_stock_buffers/g_buf[0].mem_reg_0_31_0_5/RAMA/CLK
Low Pulse Width   Fast    RAMD32/CLK          n/a            1.130         10.000      8.870      SLICE_X2Y51      u_core/u_stock_buffers/g_buf[0].mem_reg_0_31_0_5/RAMA/CLK
Low Pulse Width   Slow    RAMD32/CLK          n/a            1.130         10.000      8.870      SLICE_X2Y51      u_core/u_stock_buffers/g_buf[0].mem_reg_0_31_0_5/RAMA_D1/CLK
Low Pulse Width   Fast    RAMD32/CLK          n/a            1.130         10.000      8.870      SLICE_X2Y51      u_core/u_stock_buffers/g_buf[0].mem_reg_0_31_0_5/RAMA_D1/CLK
Low Pulse Width   Slow    RAMD32/CLK          n/a            1.130         10.000      8.870      SLICE_X2Y51      u_core/u_stock_buffers/g_buf[0].mem_reg_0_31_0_5/RAMB/CLK
Low Pulse Width   Fast    RAMD32/CLK          n/a            1.130         10.000      8.870      SLICE_X2Y51      u_core/u_stock_buffers/g_buf[0].mem_reg_0_31_0_5/RAMB/CLK
Low Pulse Width   Slow    RAMD32/CLK          n/a            1.130         10.000      8.870      SLICE_X2Y51      u_core/u_stock_buffers/g_buf[0].mem_reg_0_31_0_5/RAMB_D1/CLK
Low Pulse Width   Fast    RAMD32/CLK          n/a            1.130         10.000      8.870      SLICE_X2Y51      u_core/u_stock_buffers/g_buf[0].mem_reg_0_31_0_5/RAMB_D1/CLK
Low Pulse Width   Slow    RAMD32/CLK          n/a            1.130         10.000      8.870      SLICE_X2Y51      u_core/u_stock_buffers/g_buf[0].mem_reg_0_31_0_5/RAMC/CLK
Low Pulse Width   Fast    RAMD32/CLK          n/a            1.130         10.000      8.870      SLICE_X2Y51      u_core/u_stock_buffers/g_buf[0].mem_reg_0_31_0_5/RAMC/CLK
High Pulse Width  Slow    RAMD32/CLK          n/a            1.130         10.000      8.870      SLICE_X2Y51      u_core/u_stock_buffers/g_buf[0].mem_reg_0_31_0_5/RAMA/CLK
High Pulse Width  Fast    RAMD32/CLK          n/a            1.130         10.000      8.870      SLICE_X2Y51      u_core/u_stock_buffers/g_buf[0].mem_reg_0_31_0_5/RAMA/CLK
High Pulse Width  Slow    RAMD32/CLK          n/a            1.130         10.000      8.870      SLICE_X2Y51      u_core/u_stock_buffers/g_buf[0].mem_reg_0_31_0_5/RAMA_D1/CLK
High Pulse Width  Fast    RAMD32/CLK          n/a            1.130         10.000      8.870      SLICE_X2Y51      u_core/u_stock_buffers/g_buf[0].mem_reg_0_31_0_5/RAMA_D1/CLK
High Pulse Width  Slow    RAMD32/CLK          n/a            1.130         10.000      8.870      SLICE_X2Y51      u_core/u_stock_buffers/g_buf[0].mem_reg_0_31_0_5/RAMB/CLK
High Pulse Width  Fast    RAMD32/CLK          n/a            1.130         10.000      8.870      SLICE_X2Y51      u_core/u_stock_buffers/g_buf[0].mem_reg_0_31_0_5/RAMB/CLK
High Pulse Width  Slow    RAMD32/CLK          n/a            1.130         10.000      8.870      SLICE_X2Y51      u_core/u_stock_buffers/g_buf[0].mem_reg_0_31_0_5/RAMB_D1/CLK
High Pulse Width  Fast    RAMD32/CLK          n/a            1.130         10.000      8.870      SLICE_X2Y51      u_core/u_stock_buffers/g_buf[0].mem_reg_0_31_0_5/RAMB_D1/CLK
High Pulse Width  Slow    RAMD32/CLK          n/a            1.130         10.000      8.870      SLICE_X2Y51      u_core/u_stock_buffers/g_buf[0].mem_reg_0_31_0_5/RAMC/CLK
High Pulse Width  Fast    RAMD32/CLK          n/a            1.130         10.000      8.870      SLICE_X2Y51      u_core/u_stock_buffers/g_buf[0].mem_reg_0_31_0_5/RAMC/CLK



---------------------------------------------------------------------------------------------------
From Clock:  clk_fb
  To Clock:  clk_fb

Setup :           NA  Failing Endpoints,  Worst Slack           NA  ,  Total Violation           NA
Hold  :           NA  Failing Endpoints,  Worst Slack           NA  ,  Total Violation           NA
PW    :            0  Failing Endpoints,  Worst Slack        8.751ns,  Total Violation        0.000ns
---------------------------------------------------------------------------------------------------


Pulse Width Checks
--------------------------------------------------------------------------------------
Clock Name:         clk_fb
Waveform(ns):       { 0.000 5.000 }
Period(ns):         10.000
Sources:            { u_mmcm/CLKFBOUT }

Check Type  Corner  Lib Pin              Reference Pin  Required(ns)  Actual(ns)  Slack(ns)  Location         Pin
Min Period  n/a     MMCME2_ADV/CLKFBOUT  n/a            1.249         10.000      8.751      MMCME2_ADV_X0Y0  u_mmcm/CLKFBOUT
Min Period  n/a     MMCME2_ADV/CLKFBIN   n/a            1.249         10.000      8.751      MMCME2_ADV_X0Y0  u_mmcm/CLKFBIN
Max Period  n/a     MMCME2_ADV/CLKFBIN   n/a            100.000       10.000      90.000     MMCME2_ADV_X0Y0  u_mmcm/CLKFBIN
Max Period  n/a     MMCME2_ADV/CLKFBOUT  n/a            213.360       10.000      203.360    MMCME2_ADV_X0Y0  u_mmcm/CLKFBOUT



---------------------------------------------------------------------------------------------------
Path Group:  **async_default**
From Clock:  clk50_mmcm
  To Clock:  clk50_mmcm

Setup :            0  Failing Endpoints,  Worst Slack       11.401ns,  Total Violation        0.000ns
Hold  :            0  Failing Endpoints,  Worst Slack        1.002ns,  Total Violation        0.000ns
---------------------------------------------------------------------------------------------------


Max Delay Paths
--------------------------------------------------------------------------------------
Slack (MET) :             11.401ns  (required time - arrival time)
  Source:                 u_core/u_uart_protocol/cpu_hold_reg/C
                            (rising edge-triggered cell FDCE clocked by clk50_mmcm  {rise@0.000ns fall@10.000ns period=20.000ns})
  Destination:            u_core/u_register_file/registers_reg[1][13]/CLR
                            (recovery check against rising-edge clock clk50_mmcm  {rise@0.000ns fall@10.000ns period=20.000ns})
  Path Group:             **async_default**
  Path Type:              Recovery (Max at Slow Process Corner)
  Requirement:            20.000ns  (clk50_mmcm rise@20.000ns - clk50_mmcm rise@0.000ns)
  Data Path Delay:        7.913ns  (logic 0.507ns (6.407%)  route 7.406ns (93.593%))
  Logic Levels:           1  (LUT2=1)
  Clock Path Skew:        -0.110ns (DCD - SCD + CPR)
    Destination Clock Delay (DCD):    5.065ns = ( 25.065 - 20.000 ) 
    Source Clock Delay      (SCD):    5.443ns
    Clock Pessimism Removal (CPR):    0.268ns
  Clock Uncertainty:      0.082ns  ((TSJ^2 + DJ^2)^1/2) / 2 + PE
    Total System Jitter     (TSJ):    0.071ns
    Discrete Jitter          (DJ):    0.147ns
    Phase Error              (PE):    0.000ns

    Location             Delay type                Incr(ns)  Path(ns)    Netlist Resource(s)
  -------------------------------------------------------------------    -------------------
                         (clock clk50_mmcm rise edge)
                                                      0.000     0.000 r  <hidden>
    N15                                               0.000     0.000 r  CLK_100MHZ
                         net (fo=0)                   0.000     0.000    CLK_100MHZ
    N15                  IBUF (Prop_ibuf_I_O)         1.371     1.371 r  CLK_100MHZ_IBUF_inst/O
                         net (fo=1, routed)           1.065     2.436    CLK_100MHZ_IBUF
    MMCME2_ADV_X0Y0      MMCME2_ADV (Prop_mmcme2_adv_CLKIN1_CLKOUT0)
                                                      0.077     2.513 r  u_mmcm/CLKOUT0
                         net (fo=1, routed)           1.425     3.938    clk50_mmcm
    BUFGCTRL_X0Y0        BUFG (Prop_bufg_I_O)         0.081     4.019 r  u_bufg_clk50/O
                         net (fo=1276, routed)        1.424     5.443    u_core/u_uart_protocol/CLK
    SLICE_X3Y59          FDCE                                         r  u_core/u_uart_protocol/cpu_hold_reg/C
  -------------------------------------------------------------------    -------------------
    SLICE_X3Y59          FDCE (Prop_fdce_C_Q)         0.379     5.822 f  u_core/u_uart_protocol/cpu_hold_reg/Q
                         net (fo=5, routed)           1.432     7.255    u_core/u_uart_protocol/cpu_hold_reg_0
    SLICE_X3Y37          LUT2 (Prop_lut2_I0_O)        0.128     7.383 f  u_core/u_uart_protocol/registers[0][31]_i_3/O
                         net (fo=801, routed)         5.974    13.356    u_core/u_register_file/registers_reg[0][31]_0
    SLICE_X15Y50         FDCE                                         f  u_core/u_register_file/registers_reg[1][13]/CLR
  -------------------------------------------------------------------    -------------------

                         (clock clk50_mmcm rise edge)
                                                     20.000    20.000 r  <hidden>
    N15                                               0.000    20.000 r  CLK_100MHZ
                         net (fo=0)                   0.000    20.000    CLK_100MHZ
    N15                  IBUF (Prop_ibuf_I_O)         1.306    21.306 r  CLK_100MHZ_IBUF_inst/O
                         net (fo=1, routed)           1.004    22.309    CLK_100MHZ_IBUF
    MMCME2_ADV_X0Y0      MMCME2_ADV (Prop_mmcme2_adv_CLKIN1_CLKOUT0)
                                                      0.073    22.382 r  u_mmcm/CLKOUT0
                         net (fo=1, routed)           1.357    23.740    clk50_mmcm
    BUFGCTRL_X0Y0        BUFG (Prop_bufg_I_O)         0.077    23.817 r  u_bufg_clk50/O
                         net (fo=1276, routed)        1.248    25.065    u_core/u_register_file/CLK
    SLICE_X15Y50         FDCE                                         r  u_core/u_register_file/registers_reg[1][13]/C
                         clock pessimism              0.268    25.333    <hidden>
                         clock uncertainty           -0.082    25.252    <hidden>
    SLICE_X15Y50         FDCE (Recov_fdce_C_CLR)     -0.494    24.758    u_core/u_register_file/registers_reg[1][13]
  -------------------------------------------------------------------
                         required time                         24.758    <hidden>
                         arrival time                         -13.356    <hidden>
  -------------------------------------------------------------------
                         slack                                 11.401    <hidden>

Slack (MET) :             11.401ns  (required time - arrival time)
  Source:                 u_core/u_uart_protocol/cpu_hold_reg/C
                            (rising edge-triggered cell FDCE clocked by clk50_mmcm  {rise@0.000ns fall@10.000ns period=20.000ns})
  Destination:            u_core/u_register_file/registers_reg[1][20]/CLR
                            (recovery check against rising-edge clock clk50_mmcm  {rise@0.000ns fall@10.000ns period=20.000ns})
  Path Group:             **async_default**
  Path Type:              Recovery (Max at Slow Process Corner)
  Requirement:            20.000ns  (clk50_mmcm rise@20.000ns - clk50_mmcm rise@0.000ns)
  Data Path Delay:        7.913ns  (logic 0.507ns (6.407%)  route 7.406ns (93.593%))
  Logic Levels:           1  (LUT2=1)
  Clock Path Skew:        -0.110ns (DCD - SCD + CPR)
    Destination Clock Delay (DCD):    5.065ns = ( 25.065 - 20.000 ) 
    Source Clock Delay      (SCD):    5.443ns
    Clock Pessimism Removal (CPR):    0.268ns
  Clock Uncertainty:      0.082ns  ((TSJ^2 + DJ^2)^1/2) / 2 + PE
    Total System Jitter     (TSJ):    0.071ns
    Discrete Jitter          (DJ):    0.147ns
    Phase Error              (PE):    0.000ns

    Location             Delay type                Incr(ns)  Path(ns)    Netlist Resource(s)
  -------------------------------------------------------------------    -------------------
                         (clock clk50_mmcm rise edge)
                                                      0.000     0.000 r  <hidden>
    N15                                               0.000     0.000 r  CLK_100MHZ
                         net (fo=0)                   0.000     0.000    CLK_100MHZ
    N15                  IBUF (Prop_ibuf_I_O)         1.371     1.371 r  CLK_100MHZ_IBUF_inst/O
                         net (fo=1, routed)           1.065     2.436    CLK_100MHZ_IBUF
    MMCME2_ADV_X0Y0      MMCME2_ADV (Prop_mmcme2_adv_CLKIN1_CLKOUT0)
                                                      0.077     2.513 r  u_mmcm/CLKOUT0
                         net (fo=1, routed)           1.425     3.938    clk50_mmcm
    BUFGCTRL_X0Y0        BUFG (Prop_bufg_I_O)         0.081     4.019 r  u_bufg_clk50/O
                         net (fo=1276, routed)        1.424     5.443    u_core/u_uart_protocol/CLK
    SLICE_X3Y59          FDCE                                         r  u_core/u_uart_protocol/cpu_hold_reg/C
  -------------------------------------------------------------------    -------------------
    SLICE_X3Y59          FDCE (Prop_fdce_C_Q)         0.379     5.822 f  u_core/u_uart_protocol/cpu_hold_reg/Q
                         net (fo=5, routed)           1.432     7.255    u_core/u_uart_protocol/cpu_hold_reg_0
    SLICE_X3Y37          LUT2 (Prop_lut2_I0_O)        0.128     7.383 f  u_core/u_uart_protocol/registers[0][31]_i_3/O
                         net (fo=801, routed)         5.974    13.356    u_core/u_register_file/registers_reg[0][31]_0
    SLICE_X15Y50         FDCE                                         f  u_core/u_register_file/registers_reg[1][20]/CLR
  -------------------------------------------------------------------    -------------------

                         (clock clk50_mmcm rise edge)
                                                     20.000    20.000 r  <hidden>
    N15                                               0.000    20.000 r  CLK_100MHZ
                         net (fo=0)                   0.000    20.000    CLK_100MHZ
    N15                  IBUF (Prop_ibuf_I_O)         1.306    21.306 r  CLK_100MHZ_IBUF_inst/O
                         net (fo=1, routed)           1.004    22.309    CLK_100MHZ_IBUF
    MMCME2_ADV_X0Y0      MMCME2_ADV (Prop_mmcme2_adv_CLKIN1_CLKOUT0)
                                                      0.073    22.382 r  u_mmcm/CLKOUT0
                         net (fo=1, routed)           1.357    23.740    clk50_mmcm
    BUFGCTRL_X0Y0        BUFG (Prop_bufg_I_O)         0.077    23.817 r  u_bufg_clk50/O
                         net (fo=1276, routed)        1.248    25.065    u_core/u_register_file/CLK
    SLICE_X15Y50         FDCE                                         r  u_core/u_register_file/registers_reg[1][20]/C
                         clock pessimism              0.268    25.333    <hidden>
                         clock uncertainty           -0.082    25.252    <hidden>
    SLICE_X15Y50         FDCE (Recov_fdce_C_CLR)     -0.494    24.758    u_core/u_register_file/registers_reg[1][20]
  -------------------------------------------------------------------
                         required time                         24.758    <hidden>
                         arrival time                         -13.356    <hidden>
  -------------------------------------------------------------------
                         slack                                 11.401    <hidden>

Slack (MET) :             11.440ns  (required time - arrival time)
  Source:                 u_core/u_uart_protocol/cpu_hold_reg/C
                            (rising edge-triggered cell FDCE clocked by clk50_mmcm  {rise@0.000ns fall@10.000ns period=20.000ns})
  Destination:            u_core/u_register_file/registers_reg[5][20]/CLR
                            (recovery check against rising-edge clock clk50_mmcm  {rise@0.000ns fall@10.000ns period=20.000ns})
  Path Group:             **async_default**
  Path Type:              Recovery (Max at Slow Process Corner)
  Requirement:            20.000ns  (clk50_mmcm rise@20.000ns - clk50_mmcm rise@0.000ns)
  Data Path Delay:        7.913ns  (logic 0.507ns (6.407%)  route 7.406ns (93.593%))
  Logic Levels:           1  (LUT2=1)
  Clock Path Skew:        -0.110ns (DCD - SCD + CPR)
    Destination Clock Delay (DCD):    5.065ns = ( 25.065 - 20.000 ) 
    Source Clock Delay      (SCD):    5.443ns
    Clock Pessimism Removal (CPR):    0.268ns
  Clock Uncertainty:      0.082ns  ((TSJ^2 + DJ^2)^1/2) / 2 + PE
    Total System Jitter     (TSJ):    0.071ns
    Discrete Jitter          (DJ):    0.147ns
    Phase Error              (PE):    0.000ns

    Location             Delay type                Incr(ns)  Path(ns)    Netlist Resource(s)
  -------------------------------------------------------------------    -------------------
                         (clock clk50_mmcm rise edge)
                                                      0.000     0.000 r  <hidden>
    N15                                               0.000     0.000 r  CLK_100MHZ
                         net (fo=0)                   0.000     0.000    CLK_100MHZ
    N15                  IBUF (Prop_ibuf_I_O)         1.371     1.371 r  CLK_100MHZ_IBUF_inst/O
                         net (fo=1, routed)           1.065     2.436    CLK_100MHZ_IBUF
    MMCME2_ADV_X0Y0      MMCME2_ADV (Prop_mmcme2_adv_CLKIN1_CLKOUT0)
                                                      0.077     2.513 r  u_mmcm/CLKOUT0
                         net (fo=1, routed)           1.425     3.938    clk50_mmcm
    BUFGCTRL_X0Y0        BUFG (Prop_bufg_I_O)         0.081     4.019 r  u_bufg_clk50/O
                         net (fo=1276, routed)        1.424     5.443    u_core/u_uart_protocol/CLK
    SLICE_X3Y59          FDCE                                         r  u_core/u_uart_protocol/cpu_hold_reg/C
  -------------------------------------------------------------------    -------------------
    SLICE_X3Y59          FDCE (Prop_fdce_C_Q)         0.379     5.822 f  u_core/u_uart_protocol/cpu_hold_reg/Q
                         net (fo=5, routed)           1.432     7.255    u_core/u_uart_protocol/cpu_hold_reg_0
    SLICE_X3Y37          LUT2 (Prop_lut2_I0_O)        0.128     7.383 f  u_core/u_uart_protocol/registers[0][31]_i_3/O
                         net (fo=801, routed)         5.974    13.356    u_core/u_register_file/registers_reg[0][31]_0
    SLICE_X14Y50         FDCE                                         f  u_core/u_register_file/registers_reg[5][20]/CLR
  -------------------------------------------------------------------    -------------------

                         (clock clk50_mmcm rise edge)
                                                     20.000    20.000 r  <hidden>
    N15                                               0.000    20.000 r  CLK_100MHZ
                         net (fo=0)                   0.000    20.000    CLK_100MHZ
    N15                  IBUF (Prop_ibuf_I_O)         1.306    21.306 r  CLK_100MHZ_IBUF_inst/O
                         net (fo=1, routed)           1.004    22.309    CLK_100MHZ_IBUF
    MMCME2_ADV_X0Y0      MMCME2_ADV (Prop_mmcme2_adv_CLKIN1_CLKOUT0)
                                                      0.073    22.382 r  u_mmcm/CLKOUT0
                         net (fo=1, routed)           1.357    23.740    clk50_mmcm
    BUFGCTRL_X0Y0        BUFG (Prop_bufg_I_O)         0.077    23.817 r  u_bufg_clk50/O
                         net (fo=1276, routed)        1.248    25.065    u_core/u_register_file/CLK
    SLICE_X14Y50         FDCE                                         r  u_core/u_register_file/registers_reg[5][20]/C
                         clock pessimism              0.268    25.333    <hidden>
                         clock uncertainty           -0.082    25.252    <hidden>
    SLICE_X14Y50         FDCE (Recov_fdce_C_CLR)     -0.455    24.797    u_core/u_register_file/registers_reg[5][20]
  -------------------------------------------------------------------
                         required time                         24.797    <hidden>
                         arrival time                         -13.356    <hidden>
  -------------------------------------------------------------------
                         slack                                 11.440    <hidden>

Slack (MET) :             11.440ns  (required time - arrival time)
  Source:                 u_core/u_uart_protocol/cpu_hold_reg/C
                            (rising edge-triggered cell FDCE clocked by clk50_mmcm  {rise@0.000ns fall@10.000ns period=20.000ns})
  Destination:            u_core/u_register_file/registers_reg[5][21]/CLR
                            (recovery check against rising-edge clock clk50_mmcm  {rise@0.000ns fall@10.000ns period=20.000ns})
  Path Group:             **async_default**
  Path Type:              Recovery (Max at Slow Process Corner)
  Requirement:            20.000ns  (clk50_mmcm rise@20.000ns - clk50_mmcm rise@0.000ns)
  Data Path Delay:        7.913ns  (logic 0.507ns (6.407%)  route 7.406ns (93.593%))
  Logic Levels:           1  (LUT2=1)
  Clock Path Skew:        -0.110ns (DCD - SCD + CPR)
    Destination Clock Delay (DCD):    5.065ns = ( 25.065 - 20.000 ) 
    Source Clock Delay      (SCD):    5.443ns
    Clock Pessimism Removal (CPR):    0.268ns
  Clock Uncertainty:      0.082ns  ((TSJ^2 + DJ^2)^1/2) / 2 + PE
    Total System Jitter     (TSJ):    0.071ns
    Discrete Jitter          (DJ):    0.147ns
    Phase Error              (PE):    0.000ns

    Location             Delay type                Incr(ns)  Path(ns)    Netlist Resource(s)
  -------------------------------------------------------------------    -------------------
                         (clock clk50_mmcm rise edge)
                                                      0.000     0.000 r  <hidden>
    N15                                               0.000     0.000 r  CLK_100MHZ
                         net (fo=0)                   0.000     0.000    CLK_100MHZ
    N15                  IBUF (Prop_ibuf_I_O)         1.371     1.371 r  CLK_100MHZ_IBUF_inst/O
                         net (fo=1, routed)           1.065     2.436    CLK_100MHZ_IBUF
    MMCME2_ADV_X0Y0      MMCME2_ADV (Prop_mmcme2_adv_CLKIN1_CLKOUT0)
                                                      0.077     2.513 r  u_mmcm/CLKOUT0
                         net (fo=1, routed)           1.425     3.938    clk50_mmcm
    BUFGCTRL_X0Y0        BUFG (Prop_bufg_I_O)         0.081     4.019 r  u_bufg_clk50/O
                         net (fo=1276, routed)        1.424     5.443    u_core/u_uart_protocol/CLK
    SLICE_X3Y59          FDCE                                         r  u_core/u_uart_protocol/cpu_hold_reg/C
  -------------------------------------------------------------------    -------------------
    SLICE_X3Y59          FDCE (Prop_fdce_C_Q)         0.379     5.822 f  u_core/u_uart_protocol/cpu_hold_reg/Q
                         net (fo=5, routed)           1.432     7.255    u_core/u_uart_protocol/cpu_hold_reg_0
    SLICE_X3Y37          LUT2 (Prop_lut2_I0_O)        0.128     7.383 f  u_core/u_uart_protocol/registers[0][31]_i_3/O
                         net (fo=801, routed)         5.974    13.356    u_core/u_register_file/registers_reg[0][31]_0
    SLICE_X14Y50         FDCE                                         f  u_core/u_register_file/registers_reg[5][21]/CLR
  -------------------------------------------------------------------    -------------------

                         (clock clk50_mmcm rise edge)
                                                     20.000    20.000 r  <hidden>
    N15                                               0.000    20.000 r  CLK_100MHZ
                         net (fo=0)                   0.000    20.000    CLK_100MHZ
    N15                  IBUF (Prop_ibuf_I_O)         1.306    21.306 r  CLK_100MHZ_IBUF_inst/O
                         net (fo=1, routed)           1.004    22.309    CLK_100MHZ_IBUF
    MMCME2_ADV_X0Y0      MMCME2_ADV (Prop_mmcme2_adv_CLKIN1_CLKOUT0)
                                                      0.073    22.382 r  u_mmcm/CLKOUT0
                         net (fo=1, routed)           1.357    23.740    clk50_mmcm
    BUFGCTRL_X0Y0        BUFG (Prop_bufg_I_O)         0.077    23.817 r  u_bufg_clk50/O
                         net (fo=1276, routed)        1.248    25.065    u_core/u_register_file/CLK
    SLICE_X14Y50         FDCE                                         r  u_core/u_register_file/registers_reg[5][21]/C
                         clock pessimism              0.268    25.333    <hidden>
                         clock uncertainty           -0.082    25.252    <hidden>
    SLICE_X14Y50         FDCE (Recov_fdce_C_CLR)     -0.455    24.797    u_core/u_register_file/registers_reg[5][21]
  -------------------------------------------------------------------
                         required time                         24.797    <hidden>
                         arrival time                         -13.356    <hidden>
  -------------------------------------------------------------------
                         slack                                 11.440    <hidden>

Slack (MET) :             11.474ns  (required time - arrival time)
  Source:                 u_core/u_uart_protocol/cpu_hold_reg/C
                            (rising edge-triggered cell FDCE clocked by clk50_mmcm  {rise@0.000ns fall@10.000ns period=20.000ns})
  Destination:            u_core/u_register_file/registers_reg[5][13]/CLR
                            (recovery check against rising-edge clock clk50_mmcm  {rise@0.000ns fall@10.000ns period=20.000ns})
  Path Group:             **async_default**
  Path Type:              Recovery (Max at Slow Process Corner)
  Requirement:            20.000ns  (clk50_mmcm rise@20.000ns - clk50_mmcm rise@0.000ns)
  Data Path Delay:        7.913ns  (logic 0.507ns (6.407%)  route 7.406ns (93.593%))
  Logic Levels:           1  (LUT2=1)
  Clock Path Skew:        -0.110ns (DCD - SCD + CPR)
    Destination Clock Delay (DCD):    5.065ns = ( 25.065 - 20.000 ) 
    Source Clock Delay      (SCD):    5.443ns
    Clock Pessimism Removal (CPR):    0.268ns
  Clock Uncertainty:      0.082ns  ((TSJ^2 + DJ^2)^1/2) / 2 + PE
    Total System Jitter     (TSJ):    0.071ns
    Discrete Jitter          (DJ):    0.147ns
    Phase Error              (PE):    0.000ns

    Location             Delay type                Incr(ns)  Path(ns)    Netlist Resource(s)
  -------------------------------------------------------------------    -------------------
                         (clock clk50_mmcm rise edge)
                                                      0.000     0.000 r  <hidden>
    N15                                               0.000     0.000 r  CLK_100MHZ
                         net (fo=0)                   0.000     0.000    CLK_100MHZ
    N15                  IBUF (Prop_ibuf_I_O)         1.371     1.371 r  CLK_100MHZ_IBUF_inst/O
                         net (fo=1, routed)           1.065     2.436    CLK_100MHZ_IBUF
    MMCME2_ADV_X0Y0      MMCME2_ADV (Prop_mmcme2_adv_CLKIN1_CLKOUT0)
                                                      0.077     2.513 r  u_mmcm/CLKOUT0
                         net (fo=1, routed)           1.425     3.938    clk50_mmcm
    BUFGCTRL_X0Y0        BUFG (Prop_bufg_I_O)         0.081     4.019 r  u_bufg_clk50/O
                         net (fo=1276, routed)        1.424     5.443    u_core/u_uart_protocol/CLK
    SLICE_X3Y59          FDCE                                         r  u_core/u_uart_protocol/cpu_hold_reg/C
  -------------------------------------------------------------------    -------------------
    SLICE_X3Y59          FDCE (Prop_fdce_C_Q)         0.379     5.822 f  u_core/u_uart_protocol/cpu_hold_reg/Q
                         net (fo=5, routed)           1.432     7.255    u_core/u_uart_protocol/cpu_hold_reg_0
    SLICE_X3Y37          LUT2 (Prop_lut2_I0_O)        0.128     7.383 f  u_core/u_uart_protocol/registers[0][31]_i_3/O
                         net (fo=801, routed)         5.974    13.356    u_core/u_register_file/registers_reg[0][31]_0
    SLICE_X14Y50         FDCE                                         f  u_core/u_register_file/registers_reg[5][13]/CLR
  -------------------------------------------------------------------    -------------------

                         (clock clk50_mmcm rise edge)
                                                     20.000    20.000 r  <hidden>
    N15                                               0.000    20.000 r  CLK_100MHZ
                         net (fo=0)                   0.000    20.000    CLK_100MHZ
    N15                  IBUF (Prop_ibuf_I_O)         1.306    21.306 r  CLK_100MHZ_IBUF_inst/O
                         net (fo=1, routed)           1.004    22.309    CLK_100MHZ_IBUF
    MMCME2_ADV_X0Y0      MMCME2_ADV (Prop_mmcme2_adv_CLKIN1_CLKOUT0)
                                                      0.073    22.382 r  u_mmcm/CLKOUT0
                         net (fo=1, routed)           1.357    23.740    clk50_mmcm
    BUFGCTRL_X0Y0        BUFG (Prop_bufg_I_O)         0.077    23.817 r  u_bufg_clk50/O
                         net (fo=1276, routed)        1.248    25.065    u_core/u_register_file/CLK
    SLICE_X14Y50         FDCE                                         r  u_core/u_register_file/registers_reg[5][13]/C
                         clock pessimism              0.268    25.333    <hidden>
                         clock uncertainty           -0.082    25.252    <hidden>
    SLICE_X14Y50         FDCE (Recov_fdce_C_CLR)     -0.421    24.831    u_core/u_register_file/registers_reg[5][13]
  -------------------------------------------------------------------
                         required time                         24.831    <hidden>
                         arrival time                         -13.356    <hidden>
  -------------------------------------------------------------------
                         slack                                 11.474    <hidden>

Slack (MET) :             11.474ns  (required time - arrival time)
  Source:                 u_core/u_uart_protocol/cpu_hold_reg/C
                            (rising edge-triggered cell FDCE clocked by clk50_mmcm  {rise@0.000ns fall@10.000ns period=20.000ns})
  Destination:            u_core/u_register_file/registers_reg[5][16]/CLR
                            (recovery check against rising-edge clock clk50_mmcm  {rise@0.000ns fall@10.000ns period=20.000ns})
  Path Group:             **async_default**
  Path Type:              Recovery (Max at Slow Process Corner)
  Requirement:            20.000ns  (clk50_mmcm rise@20.000ns - clk50_mmcm rise@0.000ns)
  Data Path Delay:        7.913ns  (logic 0.507ns (6.407%)  route 7.406ns (93.593%))
  Logic Levels:           1  (LUT2=1)
  Clock Path Skew:        -0.110ns (DCD - SCD + CPR)
    Destination Clock Delay (DCD):    5.065ns = ( 25.065 - 20.000 ) 
    Source Clock Delay      (SCD):    5.443ns
    Clock Pessimism Removal (CPR):    0.268ns
  Clock Uncertainty:      0.082ns  ((TSJ^2 + DJ^2)^1/2) / 2 + PE
    Total System Jitter     (TSJ):    0.071ns
    Discrete Jitter          (DJ):    0.147ns
    Phase Error              (PE):    0.000ns

    Location             Delay type                Incr(ns)  Path(ns)    Netlist Resource(s)
  -------------------------------------------------------------------    -------------------
                         (clock clk50_mmcm rise edge)
                                                      0.000     0.000 r  <hidden>
    N15                                               0.000     0.000 r  CLK_100MHZ
                         net (fo=0)                   0.000     0.000    CLK_100MHZ
    N15                  IBUF (Prop_ibuf_I_O)         1.371     1.371 r  CLK_100MHZ_IBUF_inst/O
                         net (fo=1, routed)           1.065     2.436    CLK_100MHZ_IBUF
    MMCME2_ADV_X0Y0      MMCME2_ADV (Prop_mmcme2_adv_CLKIN1_CLKOUT0)
                                                      0.077     2.513 r  u_mmcm/CLKOUT0
                         net (fo=1, routed)           1.425     3.938    clk50_mmcm
    BUFGCTRL_X0Y0        BUFG (Prop_bufg_I_O)         0.081     4.019 r  u_bufg_clk50/O
                         net (fo=1276, routed)        1.424     5.443    u_core/u_uart_protocol/CLK
    SLICE_X3Y59          FDCE                                         r  u_core/u_uart_protocol/cpu_hold_reg/C
  -------------------------------------------------------------------    -------------------
    SLICE_X3Y59          FDCE (Prop_fdce_C_Q)         0.379     5.822 f  u_core/u_uart_protocol/cpu_hold_reg/Q
                         net (fo=5, routed)           1.432     7.255    u_core/u_uart_protocol/cpu_hold_reg_0
    SLICE_X3Y37          LUT2 (Prop_lut2_I0_O)        0.128     7.383 f  u_core/u_uart_protocol/registers[0][31]_i_3/O
                         net (fo=801, routed)         5.974    13.356    u_core/u_register_file/registers_reg[0][31]_0
    SLICE_X14Y50         FDCE                                         f  u_core/u_register_file/registers_reg[5][16]/CLR
  -------------------------------------------------------------------    -------------------

                         (clock clk50_mmcm rise edge)
                                                     20.000    20.000 r  <hidden>
    N15                                               0.000    20.000 r  CLK_100MHZ
                         net (fo=0)                   0.000    20.000    CLK_100MHZ
    N15                  IBUF (Prop_ibuf_I_O)         1.306    21.306 r  CLK_100MHZ_IBUF_inst/O
                         net (fo=1, routed)           1.004    22.309    CLK_100MHZ_IBUF
    MMCME2_ADV_X0Y0      MMCME2_ADV (Prop_mmcme2_adv_CLKIN1_CLKOUT0)
                                                      0.073    22.382 r  u_mmcm/CLKOUT0
                         net (fo=1, routed)           1.357    23.740    clk50_mmcm
    BUFGCTRL_X0Y0        BUFG (Prop_bufg_I_O)         0.077    23.817 r  u_bufg_clk50/O
                         net (fo=1276, routed)        1.248    25.065    u_core/u_register_file/CLK
    SLICE_X14Y50         FDCE                                         r  u_core/u_register_file/registers_reg[5][16]/C
                         clock pessimism              0.268    25.333    <hidden>
                         clock uncertainty           -0.082    25.252    <hidden>
    SLICE_X14Y50         FDCE (Recov_fdce_C_CLR)     -0.421    24.831    u_core/u_register_file/registers_reg[5][16]
  -------------------------------------------------------------------
                         required time                         24.831    <hidden>
                         arrival time                         -13.356    <hidden>
  -------------------------------------------------------------------
                         slack                                 11.474    <hidden>

Slack (MET) :             11.474ns  (required time - arrival time)
  Source:                 u_core/u_uart_protocol/cpu_hold_reg/C
                            (rising edge-triggered cell FDCE clocked by clk50_mmcm  {rise@0.000ns fall@10.000ns period=20.000ns})
  Destination:            u_core/u_register_file/registers_reg[5][18]/CLR
                            (recovery check against rising-edge clock clk50_mmcm  {rise@0.000ns fall@10.000ns period=20.000ns})
  Path Group:             **async_default**
  Path Type:              Recovery (Max at Slow Process Corner)
  Requirement:            20.000ns  (clk50_mmcm rise@20.000ns - clk50_mmcm rise@0.000ns)
  Data Path Delay:        7.913ns  (logic 0.507ns (6.407%)  route 7.406ns (93.593%))
  Logic Levels:           1  (LUT2=1)
  Clock Path Skew:        -0.110ns (DCD - SCD + CPR)
    Destination Clock Delay (DCD):    5.065ns = ( 25.065 - 20.000 ) 
    Source Clock Delay      (SCD):    5.443ns
    Clock Pessimism Removal (CPR):    0.268ns
  Clock Uncertainty:      0.082ns  ((TSJ^2 + DJ^2)^1/2) / 2 + PE
    Total System Jitter     (TSJ):    0.071ns
    Discrete Jitter          (DJ):    0.147ns
    Phase Error              (PE):    0.000ns

    Location             Delay type                Incr(ns)  Path(ns)    Netlist Resource(s)
  -------------------------------------------------------------------    -------------------
                         (clock clk50_mmcm rise edge)
                                                      0.000     0.000 r  <hidden>
    N15                                               0.000     0.000 r  CLK_100MHZ
                         net (fo=0)                   0.000     0.000    CLK_100MHZ
    N15                  IBUF (Prop_ibuf_I_O)         1.371     1.371 r  CLK_100MHZ_IBUF_inst/O
                         net (fo=1, routed)           1.065     2.436    CLK_100MHZ_IBUF
    MMCME2_ADV_X0Y0      MMCME2_ADV (Prop_mmcme2_adv_CLKIN1_CLKOUT0)
                                                      0.077     2.513 r  u_mmcm/CLKOUT0
                         net (fo=1, routed)           1.425     3.938    clk50_mmcm
    BUFGCTRL_X0Y0        BUFG (Prop_bufg_I_O)         0.081     4.019 r  u_bufg_clk50/O
                         net (fo=1276, routed)        1.424     5.443    u_core/u_uart_protocol/CLK
    SLICE_X3Y59          FDCE                                         r  u_core/u_uart_protocol/cpu_hold_reg/C
  -------------------------------------------------------------------    -------------------
    SLICE_X3Y59          FDCE (Prop_fdce_C_Q)         0.379     5.822 f  u_core/u_uart_protocol/cpu_hold_reg/Q
                         net (fo=5, routed)           1.432     7.255    u_core/u_uart_protocol/cpu_hold_reg_0
    SLICE_X3Y37          LUT2 (Prop_lut2_I0_O)        0.128     7.383 f  u_core/u_uart_protocol/registers[0][31]_i_3/O
                         net (fo=801, routed)         5.974    13.356    u_core/u_register_file/registers_reg[0][31]_0
    SLICE_X14Y50         FDCE                                         f  u_core/u_register_file/registers_reg[5][18]/CLR
  -------------------------------------------------------------------    -------------------

                         (clock clk50_mmcm rise edge)
                                                     20.000    20.000 r  <hidden>
    N15                                               0.000    20.000 r  CLK_100MHZ
                         net (fo=0)                   0.000    20.000    CLK_100MHZ
    N15                  IBUF (Prop_ibuf_I_O)         1.306    21.306 r  CLK_100MHZ_IBUF_inst/O
                         net (fo=1, routed)           1.004    22.309    CLK_100MHZ_IBUF
    MMCME2_ADV_X0Y0      MMCME2_ADV (Prop_mmcme2_adv_CLKIN1_CLKOUT0)
                                                      0.073    22.382 r  u_mmcm/CLKOUT0
                         net (fo=1, routed)           1.357    23.740    clk50_mmcm
    BUFGCTRL_X0Y0        BUFG (Prop_bufg_I_O)         0.077    23.817 r  u_bufg_clk50/O
                         net (fo=1276, routed)        1.248    25.065    u_core/u_register_file/CLK
    SLICE_X14Y50         FDCE                                         r  u_core/u_register_file/registers_reg[5][18]/C
                         clock pessimism              0.268    25.333    <hidden>
                         clock uncertainty           -0.082    25.252    <hidden>
    SLICE_X14Y50         FDCE (Recov_fdce_C_CLR)     -0.421    24.831    u_core/u_register_file/registers_reg[5][18]
  -------------------------------------------------------------------
                         required time                         24.831    <hidden>
                         arrival time                         -13.356    <hidden>
  -------------------------------------------------------------------
                         slack                                 11.474    <hidden>

Slack (MET) :             11.474ns  (required time - arrival time)
  Source:                 u_core/u_uart_protocol/cpu_hold_reg/C
                            (rising edge-triggered cell FDCE clocked by clk50_mmcm  {rise@0.000ns fall@10.000ns period=20.000ns})
  Destination:            u_core/u_register_file/registers_reg[5][19]/CLR
                            (recovery check against rising-edge clock clk50_mmcm  {rise@0.000ns fall@10.000ns period=20.000ns})
  Path Group:             **async_default**
  Path Type:              Recovery (Max at Slow Process Corner)
  Requirement:            20.000ns  (clk50_mmcm rise@20.000ns - clk50_mmcm rise@0.000ns)
  Data Path Delay:        7.913ns  (logic 0.507ns (6.407%)  route 7.406ns (93.593%))
  Logic Levels:           1  (LUT2=1)
  Clock Path Skew:        -0.110ns (DCD - SCD + CPR)
    Destination Clock Delay (DCD):    5.065ns = ( 25.065 - 20.000 ) 
    Source Clock Delay      (SCD):    5.443ns
    Clock Pessimism Removal (CPR):    0.268ns
  Clock Uncertainty:      0.082ns  ((TSJ^2 + DJ^2)^1/2) / 2 + PE
    Total System Jitter     (TSJ):    0.071ns
    Discrete Jitter          (DJ):    0.147ns
    Phase Error              (PE):    0.000ns

    Location             Delay type                Incr(ns)  Path(ns)    Netlist Resource(s)
  -------------------------------------------------------------------    -------------------
                         (clock clk50_mmcm rise edge)
                                                      0.000     0.000 r  <hidden>
    N15                                               0.000     0.000 r  CLK_100MHZ
                         net (fo=0)                   0.000     0.000    CLK_100MHZ
    N15                  IBUF (Prop_ibuf_I_O)         1.371     1.371 r  CLK_100MHZ_IBUF_inst/O
                         net (fo=1, routed)           1.065     2.436    CLK_100MHZ_IBUF
    MMCME2_ADV_X0Y0      MMCME2_ADV (Prop_mmcme2_adv_CLKIN1_CLKOUT0)
                                                      0.077     2.513 r  u_mmcm/CLKOUT0
                         net (fo=1, routed)           1.425     3.938    clk50_mmcm
    BUFGCTRL_X0Y0        BUFG (Prop_bufg_I_O)         0.081     4.019 r  u_bufg_clk50/O
                         net (fo=1276, routed)        1.424     5.443    u_core/u_uart_protocol/CLK
    SLICE_X3Y59          FDCE                                         r  u_core/u_uart_protocol/cpu_hold_reg/C
  -------------------------------------------------------------------    -------------------
    SLICE_X3Y59          FDCE (Prop_fdce_C_Q)         0.379     5.822 f  u_core/u_uart_protocol/cpu_hold_reg/Q
                         net (fo=5, routed)           1.432     7.255    u_core/u_uart_protocol/cpu_hold_reg_0
    SLICE_X3Y37          LUT2 (Prop_lut2_I0_O)        0.128     7.383 f  u_core/u_uart_protocol/registers[0][31]_i_3/O
                         net (fo=801, routed)         5.974    13.356    u_core/u_register_file/registers_reg[0][31]_0
    SLICE_X14Y50         FDCE                                         f  u_core/u_register_file/registers_reg[5][19]/CLR
  -------------------------------------------------------------------    -------------------

                         (clock clk50_mmcm rise edge)
                                                     20.000    20.000 r  <hidden>
    N15                                               0.000    20.000 r  CLK_100MHZ
                         net (fo=0)                   0.000    20.000    CLK_100MHZ
    N15                  IBUF (Prop_ibuf_I_O)         1.306    21.306 r  CLK_100MHZ_IBUF_inst/O
                         net (fo=1, routed)           1.004    22.309    CLK_100MHZ_IBUF
    MMCME2_ADV_X0Y0      MMCME2_ADV (Prop_mmcme2_adv_CLKIN1_CLKOUT0)
                                                      0.073    22.382 r  u_mmcm/CLKOUT0
                         net (fo=1, routed)           1.357    23.740    clk50_mmcm
    BUFGCTRL_X0Y0        BUFG (Prop_bufg_I_O)         0.077    23.817 r  u_bufg_clk50/O
                         net (fo=1276, routed)        1.248    25.065    u_core/u_register_file/CLK
    SLICE_X14Y50         FDCE                                         r  u_core/u_register_file/registers_reg[5][19]/C
                         clock pessimism              0.268    25.333    <hidden>
                         clock uncertainty           -0.082    25.252    <hidden>
    SLICE_X14Y50         FDCE (Recov_fdce_C_CLR)     -0.421    24.831    u_core/u_register_file/registers_reg[5][19]
  -------------------------------------------------------------------
                         required time                         24.831    <hidden>
                         arrival time                         -13.356    <hidden>
  -------------------------------------------------------------------
                         slack                                 11.474    <hidden>

Slack (MET) :             11.772ns  (required time - arrival time)
  Source:                 u_core/u_uart_protocol/cpu_hold_reg/C
                            (rising edge-triggered cell FDCE clocked by clk50_mmcm  {rise@0.000ns fall@10.000ns period=20.000ns})
  Destination:            u_core/u_register_file/registers_reg[4][17]/CLR
                            (recovery check against rising-edge clock clk50_mmcm  {rise@0.000ns fall@10.000ns period=20.000ns})
  Path Group:             **async_default**
  Path Type:              Recovery (Max at Slow Process Corner)
  Requirement:            20.000ns  (clk50_mmcm rise@20.000ns - clk50_mmcm rise@0.000ns)
  Data Path Delay:        7.542ns  (logic 0.507ns (6.722%)  route 7.035ns (93.278%))
  Logic Levels:           1  (LUT2=1)
  Clock Path Skew:        -0.110ns (DCD - SCD + CPR)
    Destination Clock Delay (DCD):    5.065ns = ( 25.065 - 20.000 ) 
    Source Clock Delay      (SCD):    5.443ns
    Clock Pessimism Removal (CPR):    0.268ns
  Clock Uncertainty:      0.082ns  ((TSJ^2 + DJ^2)^1/2) / 2 + PE
    Total System Jitter     (TSJ):    0.071ns
    Discrete Jitter          (DJ):    0.147ns
    Phase Error              (PE):    0.000ns

    Location             Delay type                Incr(ns)  Path(ns)    Netlist Resource(s)
  -------------------------------------------------------------------    -------------------
                         (clock clk50_mmcm rise edge)
                                                      0.000     0.000 r  <hidden>
    N15                                               0.000     0.000 r  CLK_100MHZ
                         net (fo=0)                   0.000     0.000    CLK_100MHZ
    N15                  IBUF (Prop_ibuf_I_O)         1.371     1.371 r  CLK_100MHZ_IBUF_inst/O
                         net (fo=1, routed)           1.065     2.436    CLK_100MHZ_IBUF
    MMCME2_ADV_X0Y0      MMCME2_ADV (Prop_mmcme2_adv_CLKIN1_CLKOUT0)
                                                      0.077     2.513 r  u_mmcm/CLKOUT0
                         net (fo=1, routed)           1.425     3.938    clk50_mmcm
    BUFGCTRL_X0Y0        BUFG (Prop_bufg_I_O)         0.081     4.019 r  u_bufg_clk50/O
                         net (fo=1276, routed)        1.424     5.443    u_core/u_uart_protocol/CLK
    SLICE_X3Y59          FDCE                                         r  u_core/u_uart_protocol/cpu_hold_reg/C
  -------------------------------------------------------------------    -------------------
    SLICE_X3Y59          FDCE (Prop_fdce_C_Q)         0.379     5.822 f  u_core/u_uart_protocol/cpu_hold_reg/Q
                         net (fo=5, routed)           1.432     7.255    u_core/u_uart_protocol/cpu_hold_reg_0
    SLICE_X3Y37          LUT2 (Prop_lut2_I0_O)        0.128     7.383 f  u_core/u_uart_protocol/registers[0][31]_i_3/O
                         net (fo=801, routed)         5.603    12.986    u_core/u_register_file/registers_reg[0][31]_0
    SLICE_X11Y51         FDCE                                         f  u_core/u_register_file/registers_reg[4][17]/CLR
  -------------------------------------------------------------------    -------------------

                         (clock clk50_mmcm rise edge)
                                                     20.000    20.000 r  <hidden>
    N15                                               0.000    20.000 r  CLK_100MHZ
                         net (fo=0)                   0.000    20.000    CLK_100MHZ
    N15                  IBUF (Prop_ibuf_I_O)         1.306    21.306 r  CLK_100MHZ_IBUF_inst/O
                         net (fo=1, routed)           1.004    22.309    CLK_100MHZ_IBUF
    MMCME2_ADV_X0Y0      MMCME2_ADV (Prop_mmcme2_adv_CLKIN1_CLKOUT0)
                                                      0.073    22.382 r  u_mmcm/CLKOUT0
                         net (fo=1, routed)           1.357    23.740    clk50_mmcm
    BUFGCTRL_X0Y0        BUFG (Prop_bufg_I_O)         0.077    23.817 r  u_bufg_clk50/O
                         net (fo=1276, routed)        1.248    25.065    u_core/u_register_file/CLK
    SLICE_X11Y51         FDCE                                         r  u_core/u_register_file/registers_reg[4][17]/C
                         clock pessimism              0.268    25.333    <hidden>
                         clock uncertainty           -0.082    25.252    <hidden>
    SLICE_X11Y51         FDCE (Recov_fdce_C_CLR)     -0.494    24.758    u_core/u_register_file/registers_reg[4][17]
  -------------------------------------------------------------------
                         required time                         24.758    <hidden>
                         arrival time                         -12.986    <hidden>
  -------------------------------------------------------------------
                         slack                                 11.772    <hidden>

Slack (MET) :             11.772ns  (required time - arrival time)
  Source:                 u_core/u_uart_protocol/cpu_hold_reg/C
                            (rising edge-triggered cell FDCE clocked by clk50_mmcm  {rise@0.000ns fall@10.000ns period=20.000ns})
  Destination:            u_core/u_register_file/registers_reg[4][22]/CLR
                            (recovery check against rising-edge clock clk50_mmcm  {rise@0.000ns fall@10.000ns period=20.000ns})
  Path Group:             **async_default**
  Path Type:              Recovery (Max at Slow Process Corner)
  Requirement:            20.000ns  (clk50_mmcm rise@20.000ns - clk50_mmcm rise@0.000ns)
  Data Path Delay:        7.542ns  (logic 0.507ns (6.722%)  route 7.035ns (93.278%))
  Logic Levels:           1  (LUT2=1)
  Clock Path Skew:        -0.110ns (DCD - SCD + CPR)
    Destination Clock Delay (DCD):    5.065ns = ( 25.065 - 20.000 ) 
    Source Clock Delay      (SCD):    5.443ns
    Clock Pessimism Removal (CPR):    0.268ns
  Clock Uncertainty:      0.082ns  ((TSJ^2 + DJ^2)^1/2) / 2 + PE
    Total System Jitter     (TSJ):    0.071ns
    Discrete Jitter          (DJ):    0.147ns
    Phase Error              (PE):    0.000ns

    Location             Delay type                Incr(ns)  Path(ns)    Netlist Resource(s)
  -------------------------------------------------------------------    -------------------
                         (clock clk50_mmcm rise edge)
                                                      0.000     0.000 r  <hidden>
    N15                                               0.000     0.000 r  CLK_100MHZ
                         net (fo=0)                   0.000     0.000    CLK_100MHZ
    N15                  IBUF (Prop_ibuf_I_O)         1.371     1.371 r  CLK_100MHZ_IBUF_inst/O
                         net (fo=1, routed)           1.065     2.436    CLK_100MHZ_IBUF
    MMCME2_ADV_X0Y0      MMCME2_ADV (Prop_mmcme2_adv_CLKIN1_CLKOUT0)
                                                      0.077     2.513 r  u_mmcm/CLKOUT0
                         net (fo=1, routed)           1.425     3.938    clk50_mmcm
    BUFGCTRL_X0Y0        BUFG (Prop_bufg_I_O)         0.081     4.019 r  u_bufg_clk50/O
                         net (fo=1276, routed)        1.424     5.443    u_core/u_uart_protocol/CLK
    SLICE_X3Y59          FDCE                                         r  u_core/u_uart_protocol/cpu_hold_reg/C
  -------------------------------------------------------------------    -------------------
    SLICE_X3Y59          FDCE (Prop_fdce_C_Q)         0.379     5.822 f  u_core/u_uart_protocol/cpu_hold_reg/Q
                         net (fo=5, routed)           1.432     7.255    u_core/u_uart_protocol/cpu_hold_reg_0
    SLICE_X3Y37          LUT2 (Prop_lut2_I0_O)        0.128     7.383 f  u_core/u_uart_protocol/registers[0][31]_i_3/O
                         net (fo=801, routed)         5.603    12.986    u_core/u_register_file/registers_reg[0][31]_0
    SLICE_X11Y51         FDCE                                         f  u_core/u_register_file/registers_reg[4][22]/CLR
  -------------------------------------------------------------------    -------------------

                         (clock clk50_mmcm rise edge)
                                                     20.000    20.000 r  <hidden>
    N15                                               0.000    20.000 r  CLK_100MHZ
                         net (fo=0)                   0.000    20.000    CLK_100MHZ
    N15                  IBUF (Prop_ibuf_I_O)         1.306    21.306 r  CLK_100MHZ_IBUF_inst/O
                         net (fo=1, routed)           1.004    22.309    CLK_100MHZ_IBUF
    MMCME2_ADV_X0Y0      MMCME2_ADV (Prop_mmcme2_adv_CLKIN1_CLKOUT0)
                                                      0.073    22.382 r  u_mmcm/CLKOUT0
                         net (fo=1, routed)           1.357    23.740    clk50_mmcm
    BUFGCTRL_X0Y0        BUFG (Prop_bufg_I_O)         0.077    23.817 r  u_bufg_clk50/O
                         net (fo=1276, routed)        1.248    25.065    u_core/u_register_file/CLK
    SLICE_X11Y51         FDCE                                         r  u_core/u_register_file/registers_reg[4][22]/C
                         clock pessimism              0.268    25.333    <hidden>
                         clock uncertainty           -0.082    25.252    <hidden>
    SLICE_X11Y51         FDCE (Recov_fdce_C_CLR)     -0.494    24.758    u_core/u_register_file/registers_reg[4][22]
  -------------------------------------------------------------------
                         required time                         24.758    <hidden>
                         arrival time                         -12.986    <hidden>
  -------------------------------------------------------------------
                         slack                                 11.772    <hidden>





Min Delay Paths
--------------------------------------------------------------------------------------
Slack (MET) :             1.002ns  (arrival time - required time)
  Source:                 u_core/u_uart_protocol/cpu_hold_reg/C
                            (rising edge-triggered cell FDCE clocked by clk50_mmcm  {rise@0.000ns fall@10.000ns period=20.000ns})
  Destination:            u_core/u_var_store/vars_reg[6][13]/CLR
                            (removal check against rising-edge clock clk50_mmcm  {rise@0.000ns fall@10.000ns period=20.000ns})
  Path Group:             **async_default**
  Path Type:              Removal (Min at Fast Process Corner)
  Requirement:            0.000ns  (clk50_mmcm rise@0.000ns - clk50_mmcm rise@0.000ns)
  Data Path Delay:        1.140ns  (logic 0.186ns (16.315%)  route 0.954ns (83.685%))
  Logic Levels:           1  (LUT2=1)
  Clock Path Skew:        0.270ns (DCD - SCD - CPR)
    Destination Clock Delay (DCD):    2.353ns
    Source Clock Delay      (SCD):    1.805ns
    Clock Pessimism Removal (CPR):    0.278ns

    Location             Delay type                Incr(ns)  Path(ns)    Netlist Resource(s)
  -------------------------------------------------------------------    -------------------
                         (clock clk50_mmcm rise edge)
                                                      0.000     0.000 r  <hidden>
    N15                                               0.000     0.000 r  CLK_100MHZ
                         net (fo=0)                   0.000     0.000    CLK_100MHZ
    N15                  IBUF (Prop_ibuf_I_O)         0.209     0.209 r  CLK_100MHZ_IBUF_inst/O
                         net (fo=1, routed)           0.440     0.649    CLK_100MHZ_IBUF
    MMCME2_ADV_X0Y0      MMCME2_ADV (Prop_mmcme2_adv_CLKIN1_CLKOUT0)
                                                      0.050     0.699 r  u_mmcm/CLKOUT0
                         net (fo=1, routed)           0.489     1.188    clk50_mmcm
    BUFGCTRL_X0Y0        BUFG (Prop_bufg_I_O)         0.026     1.214 r  u_bufg_clk50/O
                         net (fo=1276, routed)        0.592     1.805    u_core/u_uart_protocol/CLK
    SLICE_X3Y59          FDCE                                         r  u_core/u_uart_protocol/cpu_hold_reg/C
  -------------------------------------------------------------------    -------------------
    SLICE_X3Y59          FDCE (Prop_fdce_C_Q)         0.141     1.946 f  u_core/u_uart_protocol/cpu_hold_reg/Q
                         net (fo=5, routed)           0.751     2.698    u_core/u_uart_protocol/cpu_hold_reg_0
    SLICE_X3Y37          LUT2 (Prop_lut2_I0_O)        0.045     2.743 f  u_core/u_uart_protocol/registers[0][31]_i_3/O
                         net (fo=801, routed)         0.203     2.945    u_core/u_var_store/vars_reg[14][15]_0
    SLICE_X2Y37          FDCE                                         f  u_core/u_var_store/vars_reg[6][13]/CLR
  -------------------------------------------------------------------    -------------------

                         (clock clk50_mmcm rise edge)
                                                      0.000     0.000 r  <hidden>
    N15                                               0.000     0.000 r  CLK_100MHZ
                         net (fo=0)                   0.000     0.000    CLK_100MHZ
    N15                  IBUF (Prop_ibuf_I_O)         0.396     0.396 r  CLK_100MHZ_IBUF_inst/O
                         net (fo=1, routed)           0.480     0.876    CLK_100MHZ_IBUF
    MMCME2_ADV_X0Y0      MMCME2_ADV (Prop_mmcme2_adv_CLKIN1_CLKOUT0)
                                                      0.053     0.929 r  u_mmcm/CLKOUT0
                         net (fo=1, routed)           0.534     1.463    clk50_mmcm
    BUFGCTRL_X0Y0        BUFG (Prop_bufg_I_O)         0.029     1.492 r  u_bufg_clk50/O
                         net (fo=1276, routed)        0.862     2.353    u_core/u_var_store/CLK
    SLICE_X2Y37          FDCE                                         r  u_core/u_var_store/vars_reg[6][13]/C
                         clock pessimism             -0.278     2.075    <hidden>
    SLICE_X2Y37          FDCE (Remov_fdce_C_CLR)     -0.132     1.943    u_core/u_var_store/vars_reg[6][13]
  -------------------------------------------------------------------
                         required time                         -1.943    <hidden>
                         arrival time                           2.945    <hidden>
  -------------------------------------------------------------------
                         slack                                  1.002    <hidden>

Slack (MET) :             1.015ns  (arrival time - required time)
  Source:                 rst_n_reg/C
                            (rising edge-triggered cell FDRE clocked by clk50_mmcm  {rise@0.000ns fall@10.000ns period=20.000ns})
  Destination:            u_core/u_uart_protocol/word_addr_reg[13]/CLR
                            (removal check against rising-edge clock clk50_mmcm  {rise@0.000ns fall@10.000ns period=20.000ns})
  Path Group:             **async_default**
  Path Type:              Removal (Min at Fast Process Corner)
  Requirement:            0.000ns  (clk50_mmcm rise@0.000ns - clk50_mmcm rise@0.000ns)
  Data Path Delay:        0.961ns  (logic 0.186ns (19.354%)  route 0.775ns (80.646%))
  Logic Levels:           1  (LUT1=1)
  Clock Path Skew:        0.038ns (DCD - SCD - CPR)
    Destination Clock Delay (DCD):    2.351ns
    Source Clock Delay      (SCD):    1.801ns
    Clock Pessimism Removal (CPR):    0.512ns

    Location             Delay type                Incr(ns)  Path(ns)    Netlist Resource(s)
  -------------------------------------------------------------------    -------------------
                         (clock clk50_mmcm rise edge)
                                                      0.000     0.000 r  <hidden>
    N15                                               0.000     0.000 r  CLK_100MHZ
                         net (fo=0)                   0.000     0.000    CLK_100MHZ
    N15                  IBUF (Prop_ibuf_I_O)         0.209     0.209 r  CLK_100MHZ_IBUF_inst/O
                         net (fo=1, routed)           0.440     0.649    CLK_100MHZ_IBUF
    MMCME2_ADV_X0Y0      MMCME2_ADV (Prop_mmcme2_adv_CLKIN1_CLKOUT0)
                                                      0.050     0.699 r  u_mmcm/CLKOUT0
                         net (fo=1, routed)           0.489     1.188    clk50_mmcm
    BUFGCTRL_X0Y0        BUFG (Prop_bufg_I_O)         0.026     1.214 r  u_bufg_clk50/O
                         net (fo=1276, routed)        0.588     1.801    clk50
    SLICE_X0Y31          FDRE                                         r  rst_n_reg/C
  -------------------------------------------------------------------    -------------------
    SLICE_X0Y31          FDRE (Prop_fdre_C_Q)         0.141     1.942 r  rst_n_reg/Q
                         net (fo=4, routed)           0.571     2.513    u_core/u_uart_protocol/u_msg_fifo/rst_n
    SLICE_X0Y37          LUT1 (Prop_lut1_I0_O)        0.045     2.558 f  u_core/u_uart_protocol/u_msg_fifo/LED_OBUF[15]_inst_i_1/O
                         net (fo=293, routed)         0.204     2.762    u_core/u_uart_protocol/rst_n_reg
    SLICE_X5Y37          FDCE                                         f  u_core/u_uart_protocol/word_addr_reg[13]/CLR
  -------------------------------------------------------------------    -------------------

                         (clock clk50_mmcm rise edge)
                                                      0.000     0.000 r  <hidden>
    N15                                               0.000     0.000 r  CLK_100MHZ
                         net (fo=0)                   0.000     0.000    CLK_100MHZ
    N15                  IBUF (Prop_ibuf_I_O)         0.396     0.396 r  CLK_100MHZ_IBUF_inst/O
                         net (fo=1, routed)           0.480     0.876    CLK_100MHZ_IBUF
    MMCME2_ADV_X0Y0      MMCME2_ADV (Prop_mmcme2_adv_CLKIN1_CLKOUT0)
                                                      0.053     0.929 r  u_mmcm/CLKOUT0
                         net (fo=1, routed)           0.534     1.463    clk50_mmcm
    BUFGCTRL_X0Y0        BUFG (Prop_bufg_I_O)         0.029     1.492 r  u_bufg_clk50/O
                         net (fo=1276, routed)        0.860     2.351    u_core/u_uart_protocol/CLK
    SLICE_X5Y37          FDCE                                         r  u_core/u_uart_protocol/word_addr_reg[13]/C
                         clock pessimism             -0.512     1.839    <hidden>
    SLICE_X5Y37          FDCE (Remov_fdce_C_CLR)     -0.092     1.747    u_core/u_uart_protocol/word_addr_reg[13]
  -------------------------------------------------------------------
                         required time                         -1.747    <hidden>
                         arrival time                           2.762    <hidden>
  -------------------------------------------------------------------
                         slack                                  1.015    <hidden>

Slack (MET) :             1.015ns  (arrival time - required time)
  Source:                 rst_n_reg/C
                            (rising edge-triggered cell FDRE clocked by clk50_mmcm  {rise@0.000ns fall@10.000ns period=20.000ns})
  Destination:            u_core/u_uart_protocol/word_addr_reg[14]/CLR
                            (removal check against rising-edge clock clk50_mmcm  {rise@0.000ns fall@10.000ns period=20.000ns})
  Path Group:             **async_default**
  Path Type:              Removal (Min at Fast Process Corner)
  Requirement:            0.000ns  (clk50_mmcm rise@0.000ns - clk50_mmcm rise@0.000ns)
  Data Path Delay:        0.961ns  (logic 0.186ns (19.354%)  route 0.775ns (80.646%))
  Logic Levels:           1  (LUT1=1)
  Clock Path Skew:        0.038ns (DCD - SCD - CPR)
    Destination Clock Delay (DCD):    2.351ns
    Source Clock Delay      (SCD):    1.801ns
    Clock Pessimism Removal (CPR):    0.512ns

    Location             Delay type                Incr(ns)  Path(ns)    Netlist Resource(s)
  -------------------------------------------------------------------    -------------------
                         (clock clk50_mmcm rise edge)
                                                      0.000     0.000 r  <hidden>
    N15                                               0.000     0.000 r  CLK_100MHZ
                         net (fo=0)                   0.000     0.000    CLK_100MHZ
    N15                  IBUF (Prop_ibuf_I_O)         0.209     0.209 r  CLK_100MHZ_IBUF_inst/O
                         net (fo=1, routed)           0.440     0.649    CLK_100MHZ_IBUF
    MMCME2_ADV_X0Y0      MMCME2_ADV (Prop_mmcme2_adv_CLKIN1_CLKOUT0)
                                                      0.050     0.699 r  u_mmcm/CLKOUT0
                         net (fo=1, routed)           0.489     1.188    clk50_mmcm
    BUFGCTRL_X0Y0        BUFG (Prop_bufg_I_O)         0.026     1.214 r  u_bufg_clk50/O
                         net (fo=1276, routed)        0.588     1.801    clk50
    SLICE_X0Y31          FDRE                                         r  rst_n_reg/C
  -------------------------------------------------------------------    -------------------
    SLICE_X0Y31          FDRE (Prop_fdre_C_Q)         0.141     1.942 r  rst_n_reg/Q
                         net (fo=4, routed)           0.571     2.513    u_core/u_uart_protocol/u_msg_fifo/rst_n
    SLICE_X0Y37          LUT1 (Prop_lut1_I0_O)        0.045     2.558 f  u_core/u_uart_protocol/u_msg_fifo/LED_OBUF[15]_inst_i_1/O
                         net (fo=293, routed)         0.204     2.762    u_core/u_uart_protocol/rst_n_reg
    SLICE_X5Y37          FDCE                                         f  u_core/u_uart_protocol/word_addr_reg[14]/CLR
  -------------------------------------------------------------------    -------------------

                         (clock clk50_mmcm rise edge)
                                                      0.000     0.000 r  <hidden>
    N15                                               0.000     0.000 r  CLK_100MHZ
                         net (fo=0)                   0.000     0.000    CLK_100MHZ
    N15                  IBUF (Prop_ibuf_I_O)         0.396     0.396 r  CLK_100MHZ_IBUF_inst/O
                         net (fo=1, routed)           0.480     0.876    CLK_100MHZ_IBUF
    MMCME2_ADV_X0Y0      MMCME2_ADV (Prop_mmcme2_adv_CLKIN1_CLKOUT0)
                                                      0.053     0.929 r  u_mmcm/CLKOUT0
                         net (fo=1, routed)           0.534     1.463    clk50_mmcm
    BUFGCTRL_X0Y0        BUFG (Prop_bufg_I_O)         0.029     1.492 r  u_bufg_clk50/O
                         net (fo=1276, routed)        0.860     2.351    u_core/u_uart_protocol/CLK
    SLICE_X5Y37          FDCE                                         r  u_core/u_uart_protocol/word_addr_reg[14]/C
                         clock pessimism             -0.512     1.839    <hidden>
    SLICE_X5Y37          FDCE (Remov_fdce_C_CLR)     -0.092     1.747    u_core/u_uart_protocol/word_addr_reg[14]
  -------------------------------------------------------------------
                         required time                         -1.747    <hidden>
                         arrival time                           2.762    <hidden>
  -------------------------------------------------------------------
                         slack                                  1.015    <hidden>

Slack (MET) :             1.027ns  (arrival time - required time)
  Source:                 u_core/u_uart_protocol/cpu_hold_reg/C
                            (rising edge-triggered cell FDCE clocked by clk50_mmcm  {rise@0.000ns fall@10.000ns period=20.000ns})
  Destination:            u_core/u_var_store/vars_reg[6][10]/CLR
                            (removal check against rising-edge clock clk50_mmcm  {rise@0.000ns fall@10.000ns period=20.000ns})
  Path Group:             **async_default**
  Path Type:              Removal (Min at Fast Process Corner)
  Requirement:            0.000ns  (clk50_mmcm rise@0.000ns - clk50_mmcm rise@0.000ns)
  Data Path Delay:        1.140ns  (logic 0.186ns (16.315%)  route 0.954ns (83.685%))
  Logic Levels:           1  (LUT2=1)
  Clock Path Skew:        0.270ns (DCD - SCD - CPR)
    Destination Clock Delay (DCD):    2.353ns
    Source Clock Delay      (SCD):    1.805ns
    Clock Pessimism Removal (CPR):    0.278ns

    Location             Delay type                Incr(ns)  Path(ns)    Netlist Resource(s)
  -------------------------------------------------------------------    -------------------
                         (clock clk50_mmcm rise edge)
                                                      0.000     0.000 r  <hidden>
    N15                                               0.000     0.000 r  CLK_100MHZ
                         net (fo=0)                   0.000     0.000    CLK_100MHZ
    N15                  IBUF (Prop_ibuf_I_O)         0.209     0.209 r  CLK_100MHZ_IBUF_inst/O
                         net (fo=1, routed)           0.440     0.649    CLK_100MHZ_IBUF
    MMCME2_ADV_X0Y0      MMCME2_ADV (Prop_mmcme2_adv_CLKIN1_CLKOUT0)
                                                      0.050     0.699 r  u_mmcm/CLKOUT0
                         net (fo=1, routed)           0.489     1.188    clk50_mmcm
    BUFGCTRL_X0Y0        BUFG (Prop_bufg_I_O)         0.026     1.214 r  u_bufg_clk50/O
                         net (fo=1276, routed)        0.592     1.805    u_core/u_uart_protocol/CLK
    SLICE_X3Y59          FDCE                                         r  u_core/u_uart_protocol/cpu_hold_reg/C
  -------------------------------------------------------------------    -------------------
    SLICE_X3Y59          FDCE (Prop_fdce_C_Q)         0.141     1.946 f  u_core/u_uart_protocol/cpu_hold_reg/Q
                         net (fo=5, routed)           0.751     2.698    u_core/u_uart_protocol/cpu_hold_reg_0
    SLICE_X3Y37          LUT2 (Prop_lut2_I0_O)        0.045     2.743 f  u_core/u_uart_protocol/registers[0][31]_i_3/O
                         net (fo=801, routed)         0.203     2.945    u_core/u_var_store/vars_reg[14][15]_0
    SLICE_X3Y37          FDCE                                         f  u_core/u_var_store/vars_reg[6][10]/CLR
  -------------------------------------------------------------------    -------------------

                         (clock clk50_mmcm rise edge)
                                                      0.000     0.000 r  <hidden>
    N15                                               0.000     0.000 r  CLK_100MHZ
                         net (fo=0)                   0.000     0.000    CLK_100MHZ
    N15                  IBUF (Prop_ibuf_I_O)         0.396     0.396 r  CLK_100MHZ_IBUF_inst/O
                         net (fo=1, routed)           0.480     0.876    CLK_100MHZ_IBUF
    MMCME2_ADV_X0Y0      MMCME2_ADV (Prop_mmcme2_adv_CLKIN1_CLKOUT0)
                                                      0.053     0.929 r  u_mmcm/CLKOUT0
                         net (fo=1, routed)           0.534     1.463    clk50_mmcm
    BUFGCTRL_X0Y0        BUFG (Prop_bufg_I_O)         0.029     1.492 r  u_bufg_clk50/O
                         net (fo=1276, routed)        0.862     2.353    u_core/u_var_store/CLK
    SLICE_X3Y37          FDCE                                         r  u_core/u_var_store/vars_reg[6][10]/C
                         clock pessimism             -0.278     2.075    <hidden>
    SLICE_X3Y37          FDCE (Remov_fdce_C_CLR)     -0.157     1.918    u_core/u_var_store/vars_reg[6][10]
  -------------------------------------------------------------------
                         required time                         -1.918    <hidden>
                         arrival time                           2.945    <hidden>
  -------------------------------------------------------------------
                         slack                                  1.027    <hidden>

Slack (MET) :             1.027ns  (arrival time - required time)
  Source:                 u_core/u_uart_protocol/cpu_hold_reg/C
                            (rising edge-triggered cell FDCE clocked by clk50_mmcm  {rise@0.000ns fall@10.000ns period=20.000ns})
  Destination:            u_core/u_var_store/vars_reg[6][12]/CLR
                            (removal check against rising-edge clock clk50_mmcm  {rise@0.000ns fall@10.000ns period=20.000ns})
  Path Group:             **async_default**
  Path Type:              Removal (Min at Fast Process Corner)
  Requirement:            0.000ns  (clk50_mmcm rise@0.000ns - clk50_mmcm rise@0.000ns)
  Data Path Delay:        1.140ns  (logic 0.186ns (16.315%)  route 0.954ns (83.685%))
  Logic Levels:           1  (LUT2=1)
  Clock Path Skew:        0.270ns (DCD - SCD - CPR)
    Destination Clock Delay (DCD):    2.353ns
    Source Clock Delay      (SCD):    1.805ns
    Clock Pessimism Removal (CPR):    0.278ns

    Location             Delay type                Incr(ns)  Path(ns)    Netlist Resource(s)
  -------------------------------------------------------------------    -------------------
                         (clock clk50_mmcm rise edge)
                                                      0.000     0.000 r  <hidden>
    N15                                               0.000     0.000 r  CLK_100MHZ
                         net (fo=0)                   0.000     0.000    CLK_100MHZ
    N15                  IBUF (Prop_ibuf_I_O)         0.209     0.209 r  CLK_100MHZ_IBUF_inst/O
                         net (fo=1, routed)           0.440     0.649    CLK_100MHZ_IBUF
    MMCME2_ADV_X0Y0      MMCME2_ADV (Prop_mmcme2_adv_CLKIN1_CLKOUT0)
                                                      0.050     0.699 r  u_mmcm/CLKOUT0
                         net (fo=1, routed)           0.489     1.188    clk50_mmcm
    BUFGCTRL_X0Y0        BUFG (Prop_bufg_I_O)         0.026     1.214 r  u_bufg_clk50/O
                         net (fo=1276, routed)        0.592     1.805    u_core/u_uart_protocol/CLK
    SLICE_X3Y59          FDCE                                         r  u_core/u_uart_protocol/cpu_hold_reg/C
  -------------------------------------------------------------------    -------------------
    SLICE_X3Y59          FDCE (Prop_fdce_C_Q)         0.141     1.946 f  u_core/u_uart_protocol/cpu_hold_reg/Q
                         net (fo=5, routed)           0.751     2.698    u_core/u_uart_protocol/cpu_hold_reg_0
    SLICE_X3Y37          LUT2 (Prop_lut2_I0_O)        0.045     2.743 f  u_core/u_uart_protocol/registers[0][31]_i_3/O
                         net (fo=801, routed)         0.203     2.945    u_core/u_var_store/vars_reg[14][15]_0
    SLICE_X3Y37          FDCE                                         f  u_core/u_var_store/vars_reg[6][12]/CLR
  -------------------------------------------------------------------    -------------------

                         (clock clk50_mmcm rise edge)
                                                      0.000     0.000 r  <hidden>
    N15                                               0.000     0.000 r  CLK_100MHZ
                         net (fo=0)                   0.000     0.000    CLK_100MHZ
    N15                  IBUF (Prop_ibuf_I_O)         0.396     0.396 r  CLK_100MHZ_IBUF_inst/O
                         net (fo=1, routed)           0.480     0.876    CLK_100MHZ_IBUF
    MMCME2_ADV_X0Y0      MMCME2_ADV (Prop_mmcme2_adv_CLKIN1_CLKOUT0)
                                                      0.053     0.929 r  u_mmcm/CLKOUT0
                         net (fo=1, routed)           0.534     1.463    clk50_mmcm
    BUFGCTRL_X0Y0        BUFG (Prop_bufg_I_O)         0.029     1.492 r  u_bufg_clk50/O
                         net (fo=1276, routed)        0.862     2.353    u_core/u_var_store/CLK
    SLICE_X3Y37          FDCE                                         r  u_core/u_var_store/vars_reg[6][12]/C
                         clock pessimism             -0.278     2.075    <hidden>
    SLICE_X3Y37          FDCE (Remov_fdce_C_CLR)     -0.157     1.918    u_core/u_var_store/vars_reg[6][12]
  -------------------------------------------------------------------
                         required time                         -1.918    <hidden>
                         arrival time                           2.945    <hidden>
  -------------------------------------------------------------------
                         slack                                  1.027    <hidden>

Slack (MET) :             1.046ns  (arrival time - required time)
  Source:                 u_core/u_uart_protocol/cpu_hold_reg/C
                            (rising edge-triggered cell FDCE clocked by clk50_mmcm  {rise@0.000ns fall@10.000ns period=20.000ns})
  Destination:            u_core/u_control_unit/prog_mem_reg_async_reset_b/CLR
                            (removal check against rising-edge clock clk50_mmcm  {rise@0.000ns fall@10.000ns period=20.000ns})
  Path Group:             **async_default**
  Path Type:              Removal (Min at Fast Process Corner)
  Requirement:            0.000ns  (clk50_mmcm rise@0.000ns - clk50_mmcm rise@0.000ns)
  Data Path Delay:        1.186ns  (logic 0.186ns (15.683%)  route 1.000ns (84.317%))
  Logic Levels:           1  (LUT2=1)
  Clock Path Skew:        0.272ns (DCD - SCD - CPR)
    Destination Clock Delay (DCD):    2.355ns
    Source Clock Delay      (SCD):    1.805ns
    Clock Pessimism Removal (CPR):    0.278ns

    Location             Delay type                Incr(ns)  Path(ns)    Netlist Resource(s)
  -------------------------------------------------------------------    -------------------
                         (clock clk50_mmcm rise edge)
                                                      0.000     0.000 r  <hidden>
    N15                                               0.000     0.000 r  CLK_100MHZ
                         net (fo=0)                   0.000     0.000    CLK_100MHZ
    N15                  IBUF (Prop_ibuf_I_O)         0.209     0.209 r  CLK_100MHZ_IBUF_inst/O
                         net (fo=1, routed)           0.440     0.649    CLK_100MHZ_IBUF
    MMCME2_ADV_X0Y0      MMCME2_ADV (Prop_mmcme2_adv_CLKIN1_CLKOUT0)
                                                      0.050     0.699 r  u_mmcm/CLKOUT0
                         net (fo=1, routed)           0.489     1.188    clk50_mmcm
    BUFGCTRL_X0Y0        BUFG (Prop_bufg_I_O)         0.026     1.214 r  u_bufg_clk50/O
                         net (fo=1276, routed)        0.592     1.805    u_core/u_uart_protocol/CLK
    SLICE_X3Y59          FDCE                                         r  u_core/u_uart_protocol/cpu_hold_reg/C
  -------------------------------------------------------------------    -------------------
    SLICE_X3Y59          FDCE (Prop_fdce_C_Q)         0.141     1.946 f  u_core/u_uart_protocol/cpu_hold_reg/Q
                         net (fo=5, routed)           0.751     2.698    u_core/u_uart_protocol/cpu_hold_reg_0
    SLICE_X3Y37          LUT2 (Prop_lut2_I0_O)        0.045     2.743 f  u_core/u_uart_protocol/registers[0][31]_i_3/O
                         net (fo=801, routed)         0.249     2.991    u_core/u_control_unit/prog_mem_reg_async_reset_b_0
    SLICE_X2Y38          FDCE                                         f  u_core/u_control_unit/prog_mem_reg_async_reset_b/CLR
  -------------------------------------------------------------------    -------------------

                         (clock clk50_mmcm rise edge)
                                                      0.000     0.000 r  <hidden>
    N15                                               0.000     0.000 r  CLK_100MHZ
                         net (fo=0)                   0.000     0.000    CLK_100MHZ
    N15                  IBUF (Prop_ibuf_I_O)         0.396     0.396 r  CLK_100MHZ_IBUF_inst/O
                         net (fo=1, routed)           0.480     0.876    CLK_100MHZ_IBUF
    MMCME2_ADV_X0Y0      MMCME2_ADV (Prop_mmcme2_adv_CLKIN1_CLKOUT0)
                                                      0.053     0.929 r  u_mmcm/CLKOUT0
                         net (fo=1, routed)           0.534     1.463    clk50_mmcm
    BUFGCTRL_X0Y0        BUFG (Prop_bufg_I_O)         0.029     1.492 r  u_bufg_clk50/O
                         net (fo=1276, routed)        0.864     2.355    u_core/u_control_unit/CLK
    SLICE_X2Y38          FDCE                                         r  u_core/u_control_unit/prog_mem_reg_async_reset_b/C
                         clock pessimism             -0.278     2.077    <hidden>
    SLICE_X2Y38          FDCE (Remov_fdce_C_CLR)     -0.132     1.945    u_core/u_control_unit/prog_mem_reg_async_reset_b
  -------------------------------------------------------------------
                         required time                         -1.945    <hidden>
                         arrival time                           2.991    <hidden>
  -------------------------------------------------------------------
                         slack                                  1.046    <hidden>

Slack (MET) :             1.046ns  (arrival time - required time)
  Source:                 u_core/u_uart_protocol/cpu_hold_reg/C
                            (rising edge-triggered cell FDCE clocked by clk50_mmcm  {rise@0.000ns fall@10.000ns period=20.000ns})
  Destination:            u_core/u_control_unit/prog_mem_reg_async_reset_b__0/CLR
                            (removal check against rising-edge clock clk50_mmcm  {rise@0.000ns fall@10.000ns period=20.000ns})
  Path Group:             **async_default**
  Path Type:              Removal (Min at Fast Process Corner)
  Requirement:            0.000ns  (clk50_mmcm rise@0.000ns - clk50_mmcm rise@0.000ns)
  Data Path Delay:        1.186ns  (logic 0.186ns (15.683%)  route 1.000ns (84.317%))
  Logic Levels:           1  (LUT2=1)
  Clock Path Skew:        0.272ns (DCD - SCD - CPR)
    Destination Clock Delay (DCD):    2.355ns
    Source Clock Delay      (SCD):    1.805ns
    Clock Pessimism Removal (CPR):    0.278ns

    Location             Delay type                Incr(ns)  Path(ns)    Netlist Resource(s)
  -------------------------------------------------------------------    -------------------
                         (clock clk50_mmcm rise edge)
                                                      0.000     0.000 r  <hidden>
    N15                                               0.000     0.000 r  CLK_100MHZ
                         net (fo=0)                   0.000     0.000    CLK_100MHZ
    N15                  IBUF (Prop_ibuf_I_O)         0.209     0.209 r  CLK_100MHZ_IBUF_inst/O
                         net (fo=1, routed)           0.440     0.649    CLK_100MHZ_IBUF
    MMCME2_ADV_X0Y0      MMCME2_ADV (Prop_mmcme2_adv_CLKIN1_CLKOUT0)
                                                      0.050     0.699 r  u_mmcm/CLKOUT0
                         net (fo=1, routed)           0.489     1.188    clk50_mmcm
    BUFGCTRL_X0Y0        BUFG (Prop_bufg_I_O)         0.026     1.214 r  u_bufg_clk50/O
                         net (fo=1276, routed)        0.592     1.805    u_core/u_uart_protocol/CLK
    SLICE_X3Y59          FDCE                                         r  u_core/u_uart_protocol/cpu_hold_reg/C
  -------------------------------------------------------------------    -------------------
    SLICE_X3Y59          FDCE (Prop_fdce_C_Q)         0.141     1.946 f  u_core/u_uart_protocol/cpu_hold_reg/Q
                         net (fo=5, routed)           0.751     2.698    u_core/u_uart_protocol/cpu_hold_reg_0
    SLICE_X3Y37          LUT2 (Prop_lut2_I0_O)        0.045     2.743 f  u_core/u_uart_protocol/registers[0][31]_i_3/O
                         net (fo=801, routed)         0.249     2.991    u_core/u_control_unit/prog_mem_reg_async_reset_b_0
    SLICE_X2Y38          FDCE                                         f  u_core/u_control_unit/prog_mem_reg_async_reset_b__0/CLR
  -------------------------------------------------------------------    -------------------

                         (clock clk50_mmcm rise edge)
                                                      0.000     0.000 r  <hidden>
    N15                                               0.000     0.000 r  CLK_100MHZ
                         net (fo=0)                   0.000     0.000    CLK_100MHZ
    N15                  IBUF (Prop_ibuf_I_O)         0.396     0.396 r  CLK_100MHZ_IBUF_inst/O
                         net (fo=1, routed)           0.480     0.876    CLK_100MHZ_IBUF
    MMCME2_ADV_X0Y0      MMCME2_ADV (Prop_mmcme2_adv_CLKIN1_CLKOUT0)
                                                      0.053     0.929 r  u_mmcm/CLKOUT0
                         net (fo=1, routed)           0.534     1.463    clk50_mmcm
    BUFGCTRL_X0Y0        BUFG (Prop_bufg_I_O)         0.029     1.492 r  u_bufg_clk50/O
                         net (fo=1276, routed)        0.864     2.355    u_core/u_control_unit/CLK
    SLICE_X2Y38          FDCE                                         r  u_core/u_control_unit/prog_mem_reg_async_reset_b__0/C
                         clock pessimism             -0.278     2.077    <hidden>
    SLICE_X2Y38          FDCE (Remov_fdce_C_CLR)     -0.132     1.945    u_core/u_control_unit/prog_mem_reg_async_reset_b__0
  -------------------------------------------------------------------
                         required time                         -1.945    <hidden>
                         arrival time                           2.991    <hidden>
  -------------------------------------------------------------------
                         slack                                  1.046    <hidden>

Slack (MET) :             1.048ns  (arrival time - required time)
  Source:                 rst_n_reg/C
                            (rising edge-triggered cell FDRE clocked by clk50_mmcm  {rise@0.000ns fall@10.000ns period=20.000ns})
  Destination:            u_core/u_uart_protocol/pm_wdata_reg[13]/CLR
                            (removal check against rising-edge clock clk50_mmcm  {rise@0.000ns fall@10.000ns period=20.000ns})
  Path Group:             **async_default**
  Path Type:              Removal (Min at Fast Process Corner)
  Requirement:            0.000ns  (clk50_mmcm rise@0.000ns - clk50_mmcm rise@0.000ns)
  Data Path Delay:        0.993ns  (logic 0.186ns (18.723%)  route 0.807ns (81.277%))
  Logic Levels:           1  (LUT1=1)
  Clock Path Skew:        0.037ns (DCD - SCD - CPR)
    Destination Clock Delay (DCD):    2.350ns
    Source Clock Delay      (SCD):    1.801ns
    Clock Pessimism Removal (CPR):    0.512ns

    Location             Delay type                Incr(ns)  Path(ns)    Netlist Resource(s)
  -------------------------------------------------------------------    -------------------
                         (clock clk50_mmcm rise edge)
                                                      0.000     0.000 r  <hidden>
    N15                                               0.000     0.000 r  CLK_100MHZ
                         net (fo=0)                   0.000     0.000    CLK_100MHZ
    N15                  IBUF (Prop_ibuf_I_O)         0.209     0.209 r  CLK_100MHZ_IBUF_inst/O
                         net (fo=1, routed)           0.440     0.649    CLK_100MHZ_IBUF
    MMCME2_ADV_X0Y0      MMCME2_ADV (Prop_mmcme2_adv_CLKIN1_CLKOUT0)
                                                      0.050     0.699 r  u_mmcm/CLKOUT0
                         net (fo=1, routed)           0.489     1.188    clk50_mmcm
    BUFGCTRL_X0Y0        BUFG (Prop_bufg_I_O)         0.026     1.214 r  u_bufg_clk50/O
                         net (fo=1276, routed)        0.588     1.801    clk50
    SLICE_X0Y31          FDRE                                         r  rst_n_reg/C
  -------------------------------------------------------------------    -------------------
    SLICE_X0Y31          FDRE (Prop_fdre_C_Q)         0.141     1.942 r  rst_n_reg/Q
                         net (fo=4, routed)           0.571     2.513    u_core/u_uart_protocol/u_msg_fifo/rst_n
    SLICE_X0Y37          LUT1 (Prop_lut1_I0_O)        0.045     2.558 f  u_core/u_uart_protocol/u_msg_fifo/LED_OBUF[15]_inst_i_1/O
                         net (fo=293, routed)         0.236     2.795    u_core/u_uart_protocol/rst_n_reg
    SLICE_X7Y36          FDCE                                         f  u_core/u_uart_protocol/pm_wdata_reg[13]/CLR
  -------------------------------------------------------------------    -------------------

                         (clock clk50_mmcm rise edge)
                                                      0.000     0.000 r  <hidden>
    N15                                               0.000     0.000 r  CLK_100MHZ
                         net (fo=0)                   0.000     0.000    CLK_100MHZ
    N15                  IBUF (Prop_ibuf_I_O)         0.396     0.396 r  CLK_100MHZ_IBUF_inst/O
                         net (fo=1, routed)           0.480     0.876    CLK_100MHZ_IBUF
    MMCME2_ADV_X0Y0      MMCME2_ADV (Prop_mmcme2_adv_CLKIN1_CLKOUT0)
                                                      0.053     0.929 r  u_mmcm/CLKOUT0
                         net (fo=1, routed)           0.534     1.463    clk50_mmcm
    BUFGCTRL_X0Y0        BUFG (Prop_bufg_I_O)         0.029     1.492 r  u_bufg_clk50/O
                         net (fo=1276, routed)        0.859     2.350    u_core/u_uart_protocol/CLK
    SLICE_X7Y36          FDCE                                         r  u_core/u_uart_protocol/pm_wdata_reg[13]/C
                         clock pessimism             -0.512     1.838    <hidden>
    SLICE_X7Y36          FDCE (Remov_fdce_C_CLR)     -0.092     1.746    u_core/u_uart_protocol/pm_wdata_reg[13]
  -------------------------------------------------------------------
                         required time                         -1.746    <hidden>
                         arrival time                           2.795    <hidden>
  -------------------------------------------------------------------
                         slack                                  1.048    <hidden>

Slack (MET) :             1.048ns  (arrival time - required time)
  Source:                 rst_n_reg/C
                            (rising edge-triggered cell FDRE clocked by clk50_mmcm  {rise@0.000ns fall@10.000ns period=20.000ns})
  Destination:            u_core/u_uart_protocol/pm_wdata_reg[16]/CLR
                            (removal check against rising-edge clock clk50_mmcm  {rise@0.000ns fall@10.000ns period=20.000ns})
  Path Group:             **async_default**
  Path Type:              Removal (Min at Fast Process Corner)
  Requirement:            0.000ns  (clk50_mmcm rise@0.000ns - clk50_mmcm rise@0.000ns)
  Data Path Delay:        0.993ns  (logic 0.186ns (18.723%)  route 0.807ns (81.277%))
  Logic Levels:           1  (LUT1=1)
  Clock Path Skew:        0.037ns (DCD - SCD - CPR)
    Destination Clock Delay (DCD):    2.350ns
    Source Clock Delay      (SCD):    1.801ns
    Clock Pessimism Removal (CPR):    0.512ns

    Location             Delay type                Incr(ns)  Path(ns)    Netlist Resource(s)
  -------------------------------------------------------------------    -------------------
                         (clock clk50_mmcm rise edge)
                                                      0.000     0.000 r  <hidden>
    N15                                               0.000     0.000 r  CLK_100MHZ
                         net (fo=0)                   0.000     0.000    CLK_100MHZ
    N15                  IBUF (Prop_ibuf_I_O)         0.209     0.209 r  CLK_100MHZ_IBUF_inst/O
                         net (fo=1, routed)           0.440     0.649    CLK_100MHZ_IBUF
    MMCME2_ADV_X0Y0      MMCME2_ADV (Prop_mmcme2_adv_CLKIN1_CLKOUT0)
                                                      0.050     0.699 r  u_mmcm/CLKOUT0
                         net (fo=1, routed)           0.489     1.188    clk50_mmcm
    BUFGCTRL_X0Y0        BUFG (Prop_bufg_I_O)         0.026     1.214 r  u_bufg_clk50/O
                         net (fo=1276, routed)        0.588     1.801    clk50
    SLICE_X0Y31          FDRE                                         r  rst_n_reg/C
  -------------------------------------------------------------------    -------------------
    SLICE_X0Y31          FDRE (Prop_fdre_C_Q)         0.141     1.942 r  rst_n_reg/Q
                         net (fo=4, routed)           0.571     2.513    u_core/u_uart_protocol/u_msg_fifo/rst_n
    SLICE_X0Y37          LUT1 (Prop_lut1_I0_O)        0.045     2.558 f  u_core/u_uart_protocol/u_msg_fifo/LED_OBUF[15]_inst_i_1/O
                         net (fo=293, routed)         0.236     2.795    u_core/u_uart_protocol/rst_n_reg
    SLICE_X7Y36          FDCE                                         f  u_core/u_uart_protocol/pm_wdata_reg[16]/CLR
  -------------------------------------------------------------------    -------------------

                         (clock clk50_mmcm rise edge)
                                                      0.000     0.000 r  <hidden>
    N15                                               0.000     0.000 r  CLK_100MHZ
                         net (fo=0)                   0.000     0.000    CLK_100MHZ
    N15                  IBUF (Prop_ibuf_I_O)         0.396     0.396 r  CLK_100MHZ_IBUF_inst/O
                         net (fo=1, routed)           0.480     0.876    CLK_100MHZ_IBUF
    MMCME2_ADV_X0Y0      MMCME2_ADV (Prop_mmcme2_adv_CLKIN1_CLKOUT0)
                                                      0.053     0.929 r  u_mmcm/CLKOUT0
                         net (fo=1, routed)           0.534     1.463    clk50_mmcm
    BUFGCTRL_X0Y0        BUFG (Prop_bufg_I_O)         0.029     1.492 r  u_bufg_clk50/O
                         net (fo=1276, routed)        0.859     2.350    u_core/u_uart_protocol/CLK
    SLICE_X7Y36          FDCE                                         r  u_core/u_uart_protocol/pm_wdata_reg[16]/C
                         clock pessimism             -0.512     1.838    <hidden>
    SLICE_X7Y36          FDCE (Remov_fdce_C_CLR)     -0.092     1.746    u_core/u_uart_protocol/pm_wdata_reg[16]
  -------------------------------------------------------------------
                         required time                         -1.746    <hidden>
                         arrival time                           2.795    <hidden>
  -------------------------------------------------------------------
                         slack                                  1.048    <hidden>

Slack (MET) :             1.048ns  (arrival time - required time)
  Source:                 rst_n_reg/C
                            (rising edge-triggered cell FDRE clocked by clk50_mmcm  {rise@0.000ns fall@10.000ns period=20.000ns})
  Destination:            u_core/u_uart_protocol/pm_wdata_reg[19]/CLR
                            (removal check against rising-edge clock clk50_mmcm  {rise@0.000ns fall@10.000ns period=20.000ns})
  Path Group:             **async_default**
  Path Type:              Removal (Min at Fast Process Corner)
  Requirement:            0.000ns  (clk50_mmcm rise@0.000ns - clk50_mmcm rise@0.000ns)
  Data Path Delay:        0.993ns  (logic 0.186ns (18.723%)  route 0.807ns (81.277%))
  Logic Levels:           1  (LUT1=1)
  Clock Path Skew:        0.037ns (DCD - SCD - CPR)
    Destination Clock Delay (DCD):    2.350ns
    Source Clock Delay      (SCD):    1.801ns
    Clock Pessimism Removal (CPR):    0.512ns

    Location             Delay type                Incr(ns)  Path(ns)    Netlist Resource(s)
  -------------------------------------------------------------------    -------------------
                         (clock clk50_mmcm rise edge)
                                                      0.000     0.000 r  <hidden>
    N15                                               0.000     0.000 r  CLK_100MHZ
                         net (fo=0)                   0.000     0.000    CLK_100MHZ
    N15                  IBUF (Prop_ibuf_I_O)         0.209     0.209 r  CLK_100MHZ_IBUF_inst/O
                         net (fo=1, routed)           0.440     0.649    CLK_100MHZ_IBUF
    MMCME2_ADV_X0Y0      MMCME2_ADV (Prop_mmcme2_adv_CLKIN1_CLKOUT0)
                                                      0.050     0.699 r  u_mmcm/CLKOUT0
                         net (fo=1, routed)           0.489     1.188    clk50_mmcm
    BUFGCTRL_X0Y0        BUFG (Prop_bufg_I_O)         0.026     1.214 r  u_bufg_clk50/O
                         net (fo=1276, routed)        0.588     1.801    clk50
    SLICE_X0Y31          FDRE                                         r  rst_n_reg/C
  -------------------------------------------------------------------    -------------------
    SLICE_X0Y31          FDRE (Prop_fdre_C_Q)         0.141     1.942 r  rst_n_reg/Q
                         net (fo=4, routed)           0.571     2.513    u_core/u_uart_protocol/u_msg_fifo/rst_n
    SLICE_X0Y37          LUT1 (Prop_lut1_I0_O)        0.045     2.558 f  u_core/u_uart_protocol/u_msg_fifo/LED_OBUF[15]_inst_i_1/O
                         net (fo=293, routed)         0.236     2.795    u_core/u_uart_protocol/rst_n_reg
    SLICE_X7Y36          FDCE                                         f  u_core/u_uart_protocol/pm_wdata_reg[19]/CLR
  -------------------------------------------------------------------    -------------------

                         (clock clk50_mmcm rise edge)
                                                      0.000     0.000 r  <hidden>
    N15                                               0.000     0.000 r  CLK_100MHZ
                         net (fo=0)                   0.000     0.000    CLK_100MHZ
    N15                  IBUF (Prop_ibuf_I_O)         0.396     0.396 r  CLK_100MHZ_IBUF_inst/O
                         net (fo=1, routed)           0.480     0.876    CLK_100MHZ_IBUF
    MMCME2_ADV_X0Y0      MMCME2_ADV (Prop_mmcme2_adv_CLKIN1_CLKOUT0)
                                                      0.053     0.929 r  u_mmcm/CLKOUT0
                         net (fo=1, routed)           0.534     1.463    clk50_mmcm
    BUFGCTRL_X0Y0        BUFG (Prop_bufg_I_O)         0.029     1.492 r  u_bufg_clk50/O
                         net (fo=1276, routed)        0.859     2.350    u_core/u_uart_protocol/CLK
    SLICE_X7Y36          FDCE                                         r  u_core/u_uart_protocol/pm_wdata_reg[19]/C
                         clock pessimism             -0.512     1.838    <hidden>
    SLICE_X7Y36          FDCE (Remov_fdce_C_CLR)     -0.092     1.746    u_core/u_uart_protocol/pm_wdata_reg[19]
  -------------------------------------------------------------------
                         required time                         -1.746    <hidden>
                         arrival time                           2.795    <hidden>
  -------------------------------------------------------------------
                         slack                                  1.048    <hidden>





--------------------------------------------------------------------------------------
Path Group:  (none)
From Clock:  clk50_mmcm
  To Clock:  

Max Delay            17 Endpoints
Min Delay            17 Endpoints
--------------------------------------------------------------------------------------


Max Delay Paths
--------------------------------------------------------------------------------------
Slack:                    inf
  Source:                 rst_n_reg/C
                            (rising edge-triggered cell FDRE clocked by clk50_mmcm  {rise@0.000ns fall@10.000ns period=20.000ns})
  Destination:            LED[15]
                            (output port)
  Path Group:             (none)
  Path Type:              Max at Slow Process Corner
  Data Path Delay:        8.782ns  (logic 3.750ns (42.699%)  route 5.032ns (57.301%))
  Logic Levels:           2  (LUT1=1 OBUF=1)
  Clock Uncertainty:      0.176ns  ((TSJ^2 + DJ^2)^1/2) / 2 + PE
    Total System Jitter     (TSJ):    0.050ns
    Discrete Jitter          (DJ):    0.147ns
    Phase Error              (PE):    0.099ns
  Timing Exception:       False Path

    Location             Delay type                Incr(ns)  Path(ns)    Netlist Resource(s)
  -------------------------------------------------------------------    -------------------
                         (clock clk50_mmcm rise edge)
                                                      0.000     0.000 r  <hidden>
    N15                                               0.000     0.000 r  CLK_100MHZ
                         net (fo=0)                   0.000     0.000    CLK_100MHZ
    N15                  IBUF (Prop_ibuf_I_O)         1.371     1.371 r  CLK_100MHZ_IBUF_inst/O
                         net (fo=1, routed)           1.065     2.436    CLK_100MHZ_IBUF
    MMCME2_ADV_X0Y0      MMCME2_ADV (Prop_mmcme2_adv_CLKIN1_CLKOUT0)
                                                      0.077     2.513 r  u_mmcm/CLKOUT0
                         net (fo=1, routed)           1.425     3.938    clk50_mmcm
    BUFGCTRL_X0Y0        BUFG (Prop_bufg_I_O)         0.081     4.019 r  u_bufg_clk50/O
                         net (fo=1276, routed)        1.429     5.448    clk50
    SLICE_X0Y31          FDRE                                         r  rst_n_reg/C
  -------------------------------------------------------------------    -------------------
    SLICE_X0Y31          FDRE (Prop_fdre_C_Q)         0.379     5.827 f  rst_n_reg/Q
                         net (fo=4, routed)           1.126     6.953    u_core/u_uart_protocol/u_msg_fifo/rst_n
    SLICE_X0Y37          LUT1 (Prop_lut1_I0_O)        0.105     7.058 r  u_core/u_uart_protocol/u_msg_fifo/LED_OBUF[15]_inst_i_1/O
                         net (fo=293, routed)         3.906    10.964    LED_OBUF[15]
    G17                  OBUF (Prop_obuf_I_O)         3.266    14.230 r  LED_OBUF[15]_inst/O
                         net (fo=0)                   0.000    14.230    LED[15]
    G17                                                               r  LED[15]
  -------------------------------------------------------------------    -------------------

Slack:                    inf
  Source:                 u_core/u_uart_protocol/tx_msg_toggle_reg/C
                            (rising edge-triggered cell FDCE clocked by clk50_mmcm  {rise@0.000ns fall@10.000ns period=20.000ns})
  Destination:            LED[13]
                            (output port)
  Path Group:             (none)
  Path Type:              Max at Slow Process Corner
  Data Path Delay:        5.934ns  (logic 3.648ns (61.479%)  route 2.286ns (38.521%))
  Logic Levels:           1  (OBUF=1)
  Clock Uncertainty:      0.176ns  ((TSJ^2 + DJ^2)^1/2) / 2 + PE
    Total System Jitter     (TSJ):    0.050ns
    Discrete Jitter          (DJ):    0.147ns
    Phase Error              (PE):    0.099ns
  Timing Exception:       False Path

    Location             Delay type                Incr(ns)  Path(ns)    Netlist Resource(s)
  -------------------------------------------------------------------    -------------------
                         (clock clk50_mmcm rise edge)
                                                      0.000     0.000 r  <hidden>
    N15                                               0.000     0.000 r  CLK_100MHZ
                         net (fo=0)                   0.000     0.000    CLK_100MHZ
    N15                  IBUF (Prop_ibuf_I_O)         1.371     1.371 r  CLK_100MHZ_IBUF_inst/O
                         net (fo=1, routed)           1.065     2.436    CLK_100MHZ_IBUF
    MMCME2_ADV_X0Y0      MMCME2_ADV (Prop_mmcme2_adv_CLKIN1_CLKOUT0)
                                                      0.077     2.513 r  u_mmcm/CLKOUT0
                         net (fo=1, routed)           1.425     3.938    clk50_mmcm
    BUFGCTRL_X0Y0        BUFG (Prop_bufg_I_O)         0.081     4.019 r  u_bufg_clk50/O
                         net (fo=1276, routed)        1.439     5.458    u_core/u_uart_protocol/CLK
    SLICE_X1Y42          FDCE                                         r  u_core/u_uart_protocol/tx_msg_toggle_reg/C
  -------------------------------------------------------------------    -------------------
    SLICE_X1Y42          FDCE (Prop_fdce_C_Q)         0.379     5.837 r  u_core/u_uart_protocol/tx_msg_toggle_reg/Q
                         net (fo=2, routed)           2.286     8.123    LED_OBUF[13]
    D18                  OBUF (Prop_obuf_I_O)         3.269    11.392 r  LED_OBUF[13]_inst/O
                         net (fo=0)                   0.000    11.392    LED[13]
    D18                                                               r  LED[13]
  -------------------------------------------------------------------    -------------------

Slack:                    inf
  Source:                 u_core/u_stock_buffers/g_buf[1].staged_valid_reg/C
                            (rising edge-triggered cell FDCE clocked by clk50_mmcm  {rise@0.000ns fall@10.000ns period=20.000ns})
  Destination:            LED[1]
                            (output port)
  Path Group:             (none)
  Path Type:              Max at Slow Process Corner
  Data Path Delay:        5.772ns  (logic 3.638ns (63.035%)  route 2.134ns (36.965%))
  Logic Levels:           1  (OBUF=1)
  Clock Uncertainty:      0.176ns  ((TSJ^2 + DJ^2)^1/2) / 2 + PE
    Total System Jitter     (TSJ):    0.050ns
    Discrete Jitter          (DJ):    0.147ns
    Phase Error              (PE):    0.099ns
  Timing Exception:       False Path

    Location             Delay type                Incr(ns)  Path(ns)    Netlist Resource(s)
  -------------------------------------------------------------------    -------------------
                         (clock clk50_mmcm rise edge)
                                                      0.000     0.000 r  <hidden>
    N15                                               0.000     0.000 r  CLK_100MHZ
                         net (fo=0)                   0.000     0.000    CLK_100MHZ
    N15                  IBUF (Prop_ibuf_I_O)         1.371     1.371 r  CLK_100MHZ_IBUF_inst/O
                         net (fo=1, routed)           1.065     2.436    CLK_100MHZ_IBUF
    MMCME2_ADV_X0Y0      MMCME2_ADV (Prop_mmcme2_adv_CLKIN1_CLKOUT0)
                                                      0.077     2.513 r  u_mmcm/CLKOUT0
                         net (fo=1, routed)           1.425     3.938    clk50_mmcm
    BUFGCTRL_X0Y0        BUFG (Prop_bufg_I_O)         0.081     4.019 r  u_bufg_clk50/O
                         net (fo=1276, routed)        1.423     5.442    u_core/u_stock_buffers/CLK
    SLICE_X3Y60          FDCE                                         r  u_core/u_stock_buffers/g_buf[1].staged_valid_reg/C
  -------------------------------------------------------------------    -------------------
    SLICE_X3Y60          FDCE (Prop_fdce_C_Q)         0.379     5.821 r  u_core/u_stock_buffers/g_buf[1].staged_valid_reg/Q
                         net (fo=4, routed)           2.134     7.955    LED_OBUF[1]
    C14                  OBUF (Prop_obuf_I_O)         3.259    11.214 r  LED_OBUF[1]_inst/O
                         net (fo=0)                   0.000    11.214    LED[1]
    C14                                                               r  LED[1]
  -------------------------------------------------------------------    -------------------

Slack:                    inf
  Source:                 u_core/u_uart_protocol/prog_loaded_reg/C
                            (rising edge-triggered cell FDCE clocked by clk50_mmcm  {rise@0.000ns fall@10.000ns period=20.000ns})
  Destination:            LED[10]
                            (output port)
  Path Group:             (none)
  Path Type:              Max at Slow Process Corner
  Data Path Delay:        5.741ns  (logic 3.672ns (63.957%)  route 2.069ns (36.043%))
  Logic Levels:           1  (OBUF=1)
  Clock Uncertainty:      0.176ns  ((TSJ^2 + DJ^2)^1/2) / 2 + PE
    Total System Jitter     (TSJ):    0.050ns
    Discrete Jitter          (DJ):    0.147ns
    Phase Error              (PE):    0.099ns
  Timing Exception:       False Path

    Location             Delay type                Incr(ns)  Path(ns)    Netlist Resource(s)
  -------------------------------------------------------------------    -------------------
                         (clock clk50_mmcm rise edge)
                                                      0.000     0.000 r  <hidden>
    N15                                               0.000     0.000 r  CLK_100MHZ
                         net (fo=0)                   0.000     0.000    CLK_100MHZ
    N15                  IBUF (Prop_ibuf_I_O)         1.371     1.371 r  CLK_100MHZ_IBUF_inst/O
                         net (fo=1, routed)           1.065     2.436    CLK_100MHZ_IBUF
    MMCME2_ADV_X0Y0      MMCME2_ADV (Prop_mmcme2_adv_CLKIN1_CLKOUT0)
                                                      0.077     2.513 r  u_mmcm/CLKOUT0
                         net (fo=1, routed)           1.425     3.938    clk50_mmcm
    BUFGCTRL_X0Y0        BUFG (Prop_bufg_I_O)         0.081     4.019 r  u_bufg_clk50/O
                         net (fo=1276, routed)        1.423     5.442    u_core/u_uart_protocol/CLK
    SLICE_X0Y60          FDCE                                         r  u_core/u_uart_protocol/prog_loaded_reg/C
  -------------------------------------------------------------------    -------------------
    SLICE_X0Y60          FDCE (Prop_fdce_C_Q)         0.379     5.821 r  u_core/u_uart_protocol/prog_loaded_reg/Q
                         net (fo=1, routed)           2.069     7.891    LED_OBUF[10]
    A17                  OBUF (Prop_obuf_I_O)         3.293    11.183 r  LED_OBUF[10]_inst/O
                         net (fo=0)                   0.000    11.183    LED[10]
    A17                                                               r  LED[10]
  -------------------------------------------------------------------    -------------------

Slack:                    inf
  Source:                 u_core/u_uart_tx/txd_reg/C
                            (rising edge-triggered cell FDPE clocked by clk50_mmcm  {rise@0.000ns fall@10.000ns period=20.000ns})
  Destination:            UART_TXD
                            (output port)
  Path Group:             (none)
  Path Type:              Max at Slow Process Corner
  Data Path Delay:        5.721ns  (logic 3.673ns (64.203%)  route 2.048ns (35.797%))
  Logic Levels:           1  (OBUF=1)
  Clock Uncertainty:      0.176ns  ((TSJ^2 + DJ^2)^1/2) / 2 + PE
    Total System Jitter     (TSJ):    0.050ns
    Discrete Jitter          (DJ):    0.147ns
    Phase Error              (PE):    0.099ns
  Timing Exception:       False Path

    Location             Delay type                Incr(ns)  Path(ns)    Netlist Resource(s)
  -------------------------------------------------------------------    -------------------
                         (clock clk50_mmcm rise edge)
                                                      0.000     0.000 r  <hidden>
    N15                                               0.000     0.000 r  CLK_100MHZ
                         net (fo=0)                   0.000     0.000    CLK_100MHZ
    N15                  IBUF (Prop_ibuf_I_O)         1.371     1.371 r  CLK_100MHZ_IBUF_inst/O
                         net (fo=1, routed)           1.065     2.436    CLK_100MHZ_IBUF
    MMCME2_ADV_X0Y0      MMCME2_ADV (Prop_mmcme2_adv_CLKIN1_CLKOUT0)
                                                      0.077     2.513 r  u_mmcm/CLKOUT0
                         net (fo=1, routed)           1.425     3.938    clk50_mmcm
    BUFGCTRL_X0Y0        BUFG (Prop_bufg_I_O)         0.081     4.019 r  u_bufg_clk50/O
                         net (fo=1276, routed)        1.424     5.443    u_core/u_uart_tx/CLK
    SLICE_X1Y58          FDPE                                         r  u_core/u_uart_tx/txd_reg/C
  -------------------------------------------------------------------    -------------------
    SLICE_X1Y58          FDPE (Prop_fdpe_C_Q)         0.379     5.822 r  u_core/u_uart_tx/txd_reg/Q
                         net (fo=1, routed)           2.048     7.870    UART_TXD_OBUF
    B16                  OBUF (Prop_obuf_I_O)         3.294    11.164 r  UART_TXD_OBUF_inst/O
                         net (fo=0)                   0.000    11.164    UART_TXD
    B16                                                               r  UART_TXD
  -------------------------------------------------------------------    -------------------

Slack:                    inf
  Source:                 u_core/u_uart_protocol/cpu_hold_reg/C
                            (rising edge-triggered cell FDCE clocked by clk50_mmcm  {rise@0.000ns fall@10.000ns period=20.000ns})
  Destination:            LED[11]
                            (output port)
  Path Group:             (none)
  Path Type:              Max at Slow Process Corner
  Data Path Delay:        5.696ns  (logic 3.671ns (64.458%)  route 2.024ns (35.542%))
  Logic Levels:           1  (OBUF=1)
  Clock Uncertainty:      0.176ns  ((TSJ^2 + DJ^2)^1/2) / 2 + PE
    Total System Jitter     (TSJ):    0.050ns
    Discrete Jitter          (DJ):    0.147ns
    Phase Error              (PE):    0.099ns
  Timing Exception:       False Path

    Location             Delay type                Incr(ns)  Path(ns)    Netlist Resource(s)
  -------------------------------------------------------------------    -------------------
                         (clock clk50_mmcm rise edge)
                                                      0.000     0.000 r  <hidden>
    N15                                               0.000     0.000 r  CLK_100MHZ
                         net (fo=0)                   0.000     0.000    CLK_100MHZ
    N15                  IBUF (Prop_ibuf_I_O)         1.371     1.371 r  CLK_100MHZ_IBUF_inst/O
                         net (fo=1, routed)           1.065     2.436    CLK_100MHZ_IBUF
    MMCME2_ADV_X0Y0      MMCME2_ADV (Prop_mmcme2_adv_CLKIN1_CLKOUT0)
                                                      0.077     2.513 r  u_mmcm/CLKOUT0
                         net (fo=1, routed)           1.425     3.938    clk50_mmcm
    BUFGCTRL_X0Y0        BUFG (Prop_bufg_I_O)         0.081     4.019 r  u_bufg_clk50/O
                         net (fo=1276, routed)        1.424     5.443    u_core/u_uart_protocol/CLK
    SLICE_X3Y59          FDCE                                         r  u_core/u_uart_protocol/cpu_hold_reg/C
  -------------------------------------------------------------------    -------------------
    SLICE_X3Y59          FDCE (Prop_fdce_C_Q)         0.379     5.822 r  u_core/u_uart_protocol/cpu_hold_reg/Q
                         net (fo=5, routed)           2.024     7.847    LED_OBUF[11]
    B17                  OBUF (Prop_obuf_I_O)         3.292    11.139 r  LED_OBUF[11]_inst/O
                         net (fo=0)                   0.000    11.139    LED[11]
    B17                                                               r  LED[11]
  -------------------------------------------------------------------    -------------------

Slack:                    inf
  Source:                 u_core/u_stock_buffers/g_buf[4].staged_valid_reg/C
                            (rising edge-triggered cell FDCE clocked by clk50_mmcm  {rise@0.000ns fall@10.000ns period=20.000ns})
  Destination:            LED[4]
                            (output port)
  Path Group:             (none)
  Path Type:              Max at Slow Process Corner
  Data Path Delay:        5.639ns  (logic 3.672ns (65.118%)  route 1.967ns (34.882%))
  Logic Levels:           1  (OBUF=1)
  Clock Uncertainty:      0.176ns  ((TSJ^2 + DJ^2)^1/2) / 2 + PE
    Total System Jitter     (TSJ):    0.050ns
    Discrete Jitter          (DJ):    0.147ns
    Phase Error              (PE):    0.099ns
  Timing Exception:       False Path

    Location             Delay type                Incr(ns)  Path(ns)    Netlist Resource(s)
  -------------------------------------------------------------------    -------------------
                         (clock clk50_mmcm rise edge)
                                                      0.000     0.000 r  <hidden>
    N15                                               0.000     0.000 r  CLK_100MHZ
                         net (fo=0)                   0.000     0.000    CLK_100MHZ
    N15                  IBUF (Prop_ibuf_I_O)         1.371     1.371 r  CLK_100MHZ_IBUF_inst/O
                         net (fo=1, routed)           1.065     2.436    CLK_100MHZ_IBUF
    MMCME2_ADV_X0Y0      MMCME2_ADV (Prop_mmcme2_adv_CLKIN1_CLKOUT0)
                                                      0.077     2.513 r  u_mmcm/CLKOUT0
                         net (fo=1, routed)           1.425     3.938    clk50_mmcm
    BUFGCTRL_X0Y0        BUFG (Prop_bufg_I_O)         0.081     4.019 r  u_bufg_clk50/O
                         net (fo=1276, routed)        1.423     5.442    u_core/u_stock_buffers/CLK
    SLICE_X3Y60          FDCE                                         r  u_core/u_stock_buffers/g_buf[4].staged_valid_reg/C
  -------------------------------------------------------------------    -------------------
    SLICE_X3Y60          FDCE (Prop_fdce_C_Q)         0.379     5.821 r  u_core/u_stock_buffers/g_buf[4].staged_valid_reg/Q
                         net (fo=4, routed)           1.967     7.789    LED_OBUF[4]
    D16                  OBUF (Prop_obuf_I_O)         3.293    11.082 r  LED_OBUF[4]_inst/O
                         net (fo=0)                   0.000    11.082    LED[4]
    D16                                                               r  LED[4]
  -------------------------------------------------------------------    -------------------

Slack:                    inf
  Source:                 u_core/u_uart_protocol/rx_msg_toggle_reg/C
                            (rising edge-triggered cell FDCE clocked by clk50_mmcm  {rise@0.000ns fall@10.000ns period=20.000ns})
  Destination:            LED[12]
                            (output port)
  Path Group:             (none)
  Path Type:              Max at Slow Process Corner
  Data Path Delay:        5.594ns  (logic 3.654ns (65.320%)  route 1.940ns (34.680%))
  Logic Levels:           1  (OBUF=1)
  Clock Uncertainty:      0.176ns  ((TSJ^2 + DJ^2)^1/2) / 2 + PE
    Total System Jitter     (TSJ):    0.050ns
    Discrete Jitter          (DJ):    0.147ns
    Phase Error              (PE):    0.099ns
  Timing Exception:       False Path

    Location             Delay type                Incr(ns)  Path(ns)    Netlist Resource(s)
  -------------------------------------------------------------------    -------------------
                         (clock clk50_mmcm rise edge)
                                                      0.000     0.000 r  <hidden>
    N15                                               0.000     0.000 r  CLK_100MHZ
                         net (fo=0)                   0.000     0.000    CLK_100MHZ
    N15                  IBUF (Prop_ibuf_I_O)         1.371     1.371 r  CLK_100MHZ_IBUF_inst/O
                         net (fo=1, routed)           1.065     2.436    CLK_100MHZ_IBUF
    MMCME2_ADV_X0Y0      MMCME2_ADV (Prop_mmcme2_adv_CLKIN1_CLKOUT0)
                                                      0.077     2.513 r  u_mmcm/CLKOUT0
                         net (fo=1, routed)           1.425     3.938    clk50_mmcm
    BUFGCTRL_X0Y0        BUFG (Prop_bufg_I_O)         0.081     4.019 r  u_bufg_clk50/O
                         net (fo=1276, routed)        1.424     5.443    u_core/u_uart_protocol/CLK
    SLICE_X3Y58          FDCE                                         r  u_core/u_uart_protocol/rx_msg_toggle_reg/C
  -------------------------------------------------------------------    -------------------
    SLICE_X3Y58          FDCE (Prop_fdce_C_Q)         0.379     5.822 r  u_core/u_uart_protocol/rx_msg_toggle_reg/Q
                         net (fo=2, routed)           1.940     7.763    LED_OBUF[12]
    C18                  OBUF (Prop_obuf_I_O)         3.275    11.038 r  LED_OBUF[12]_inst/O
                         net (fo=0)                   0.000    11.038    LED[12]
    C18                                                               r  LED[12]
  -------------------------------------------------------------------    -------------------

Slack:                    inf
  Source:                 u_core/u_stock_buffers/g_buf[0].staged_valid_reg/C
                            (rising edge-triggered cell FDCE clocked by clk50_mmcm  {rise@0.000ns fall@10.000ns period=20.000ns})
  Destination:            LED[0]
                            (output port)
  Path Group:             (none)
  Path Type:              Max at Slow Process Corner
  Data Path Delay:        5.541ns  (logic 3.644ns (65.760%)  route 1.897ns (34.240%))
  Logic Levels:           1  (OBUF=1)
  Clock Uncertainty:      0.176ns  ((TSJ^2 + DJ^2)^1/2) / 2 + PE
    Total System Jitter     (TSJ):    0.050ns
    Discrete Jitter          (DJ):    0.147ns
    Phase Error              (PE):    0.099ns
  Timing Exception:       False Path

    Location             Delay type                Incr(ns)  Path(ns)    Netlist Resource(s)
  -------------------------------------------------------------------    -------------------
                         (clock clk50_mmcm rise edge)
                                                      0.000     0.000 r  <hidden>
    N15                                               0.000     0.000 r  CLK_100MHZ
                         net (fo=0)                   0.000     0.000    CLK_100MHZ
    N15                  IBUF (Prop_ibuf_I_O)         1.371     1.371 r  CLK_100MHZ_IBUF_inst/O
                         net (fo=1, routed)           1.065     2.436    CLK_100MHZ_IBUF
    MMCME2_ADV_X0Y0      MMCME2_ADV (Prop_mmcme2_adv_CLKIN1_CLKOUT0)
                                                      0.077     2.513 r  u_mmcm/CLKOUT0
                         net (fo=1, routed)           1.425     3.938    clk50_mmcm
    BUFGCTRL_X0Y0        BUFG (Prop_bufg_I_O)         0.081     4.019 r  u_bufg_clk50/O
                         net (fo=1276, routed)        1.423     5.442    u_core/u_stock_buffers/CLK
    SLICE_X3Y60          FDCE                                         r  u_core/u_stock_buffers/g_buf[0].staged_valid_reg/C
  -------------------------------------------------------------------    -------------------
    SLICE_X3Y60          FDCE (Prop_fdce_C_Q)         0.379     5.821 r  u_core/u_stock_buffers/g_buf[0].staged_valid_reg/Q
                         net (fo=4, routed)           1.897     7.719    LED_OBUF[0]
    C13                  OBUF (Prop_obuf_I_O)         3.265    10.984 r  LED_OBUF[0]_inst/O
                         net (fo=0)                   0.000    10.984    LED[0]
    C13                                                               r  LED[0]
  -------------------------------------------------------------------    -------------------

Slack:                    inf
  Source:                 u_core/u_stock_buffers/g_buf[2].staged_valid_reg/C
                            (rising edge-triggered cell FDCE clocked by clk50_mmcm  {rise@0.000ns fall@10.000ns period=20.000ns})
  Destination:            LED[2]
                            (output port)
  Path Group:             (none)
  Path Type:              Max at Slow Process Corner
  Data Path Delay:        5.464ns  (logic 3.642ns (66.659%)  route 1.822ns (33.341%))
  Logic Levels:           1  (OBUF=1)
  Clock Uncertainty:      0.176ns  ((TSJ^2 + DJ^2)^1/2) / 2 + PE
    Total System Jitter     (TSJ):    0.050ns
    Discrete Jitter          (DJ):    0.147ns
    Phase Error              (PE):    0.099ns
  Timing Exception:       False Path

    Location             Delay type                Incr(ns)  Path(ns)    Netlist Resource(s)
  -------------------------------------------------------------------    -------------------
                         (clock clk50_mmcm rise edge)
                                                      0.000     0.000 r  <hidden>
    N15                                               0.000     0.000 r  CLK_100MHZ
                         net (fo=0)                   0.000     0.000    CLK_100MHZ
    N15                  IBUF (Prop_ibuf_I_O)         1.371     1.371 r  CLK_100MHZ_IBUF_inst/O
                         net (fo=1, routed)           1.065     2.436    CLK_100MHZ_IBUF
    MMCME2_ADV_X0Y0      MMCME2_ADV (Prop_mmcme2_adv_CLKIN1_CLKOUT0)
                                                      0.077     2.513 r  u_mmcm/CLKOUT0
                         net (fo=1, routed)           1.425     3.938    clk50_mmcm
    BUFGCTRL_X0Y0        BUFG (Prop_bufg_I_O)         0.081     4.019 r  u_bufg_clk50/O
                         net (fo=1276, routed)        1.423     5.442    u_core/u_stock_buffers/CLK
    SLICE_X3Y60          FDCE                                         r  u_core/u_stock_buffers/g_buf[2].staged_valid_reg/C
  -------------------------------------------------------------------    -------------------
    SLICE_X3Y60          FDCE (Prop_fdce_C_Q)         0.379     5.821 r  u_core/u_stock_buffers/g_buf[2].staged_valid_reg/Q
                         net (fo=4, routed)           1.822     7.643    LED_OBUF[2]
    D14                  OBUF (Prop_obuf_I_O)         3.263    10.906 r  LED_OBUF[2]_inst/O
                         net (fo=0)                   0.000    10.906    LED[2]
    D14                                                               r  LED[2]
  -------------------------------------------------------------------    -------------------





Min Delay Paths
--------------------------------------------------------------------------------------
Slack:                    inf
  Source:                 u_core/u_uart_protocol/proto_error_reg/C
                            (rising edge-triggered cell FDCE clocked by clk50_mmcm  {rise@0.000ns fall@10.000ns period=20.000ns})
  Destination:            LED[14]
                            (output port)
  Path Group:             (none)
  Path Type:              Min at Fast Process Corner
  Data Path Delay:        1.776ns  (logic 1.388ns (78.173%)  route 0.388ns (21.827%))
  Logic Levels:           1  (OBUF=1)
  Clock Uncertainty:      0.176ns  ((TSJ^2 + DJ^2)^1/2) / 2 + PE
    Total System Jitter     (TSJ):    0.050ns
    Discrete Jitter          (DJ):    0.147ns
    Phase Error              (PE):    0.099ns
  Timing Exception:       False Path

    Location             Delay type                Incr(ns)  Path(ns)    Netlist Resource(s)
  -------------------------------------------------------------------    -------------------
                         (clock clk50_mmcm rise edge)
                                                      0.000     0.000 r  <hidden>
    N15                                               0.000     0.000 r  CLK_100MHZ
                         net (fo=0)                   0.000     0.000    CLK_100MHZ
    N15                  IBUF (Prop_ibuf_I_O)         0.209     0.209 r  CLK_100MHZ_IBUF_inst/O
                         net (fo=1, routed)           0.440     0.649    CLK_100MHZ_IBUF
    MMCME2_ADV_X0Y0      MMCME2_ADV (Prop_mmcme2_adv_CLKIN1_CLKOUT0)
                                                      0.050     0.699 r  u_mmcm/CLKOUT0
                         net (fo=1, routed)           0.489     1.188    clk50_mmcm
    BUFGCTRL_X0Y0        BUFG (Prop_bufg_I_O)         0.026     1.214 r  u_bufg_clk50/O
                         net (fo=1276, routed)        0.590     1.803    u_core/u_uart_protocol/CLK
    SLICE_X2Y62          FDCE                                         r  u_core/u_uart_protocol/proto_error_reg/C
  -------------------------------------------------------------------    -------------------
    SLICE_X2Y62          FDCE (Prop_fdce_C_Q)         0.164     1.967 r  u_core/u_uart_protocol/proto_error_reg/Q
                         net (fo=1, routed)           0.388     2.355    LED_OBUF[14]
    E18                  OBUF (Prop_obuf_I_O)         1.224     3.579 r  LED_OBUF[14]_inst/O
                         net (fo=0)                   0.000     3.579    LED[14]
    E18                                                               r  LED[14]
  -------------------------------------------------------------------    -------------------

Slack:                    inf
  Source:                 u_core/dbg_advance_count_reg[0]/C
                            (rising edge-triggered cell FDCE clocked by clk50_mmcm  {rise@0.000ns fall@10.000ns period=20.000ns})
  Destination:            LED[5]
                            (output port)
  Path Group:             (none)
  Path Type:              Min at Fast Process Corner
  Data Path Delay:        1.798ns  (logic 1.364ns (75.880%)  route 0.434ns (24.120%))
  Logic Levels:           1  (OBUF=1)
  Clock Uncertainty:      0.176ns  ((TSJ^2 + DJ^2)^1/2) / 2 + PE
    Total System Jitter     (TSJ):    0.050ns
    Discrete Jitter          (DJ):    0.147ns
    Phase Error              (PE):    0.099ns
  Timing Exception:       False Path

    Location             Delay type                Incr(ns)  Path(ns)    Netlist Resource(s)
  -------------------------------------------------------------------    -------------------
                         (clock clk50_mmcm rise edge)
                                                      0.000     0.000 r  <hidden>
    N15                                               0.000     0.000 r  CLK_100MHZ
                         net (fo=0)                   0.000     0.000    CLK_100MHZ
    N15                  IBUF (Prop_ibuf_I_O)         0.209     0.209 r  CLK_100MHZ_IBUF_inst/O
                         net (fo=1, routed)           0.440     0.649    CLK_100MHZ_IBUF
    MMCME2_ADV_X0Y0      MMCME2_ADV (Prop_mmcme2_adv_CLKIN1_CLKOUT0)
                                                      0.050     0.699 r  u_mmcm/CLKOUT0
                         net (fo=1, routed)           0.489     1.188    clk50_mmcm
    BUFGCTRL_X0Y0        BUFG (Prop_bufg_I_O)         0.026     1.214 r  u_bufg_clk50/O
                         net (fo=1276, routed)        0.581     1.794    u_core/CLK
    SLICE_X0Y73          FDCE                                         r  u_core/dbg_advance_count_reg[0]/C
  -------------------------------------------------------------------    -------------------
    SLICE_X0Y73          FDCE (Prop_fdce_C_Q)         0.141     1.935 r  u_core/dbg_advance_count_reg[0]/Q
                         net (fo=6, routed)           0.434     2.369    LED_OBUF[5]
    F18                  OBUF (Prop_obuf_I_O)         1.223     3.592 r  LED_OBUF[5]_inst/O
                         net (fo=0)                   0.000     3.592    LED[5]
    F18                                                               r  LED[5]
  -------------------------------------------------------------------    -------------------

Slack:                    inf
  Source:                 u_core/dbg_advance_count_reg[1]/C
                            (rising edge-triggered cell FDCE clocked by clk50_mmcm  {rise@0.000ns fall@10.000ns period=20.000ns})
  Destination:            LED[6]
                            (output port)
  Path Group:             (none)
  Path Type:              Min at Fast Process Corner
  Data Path Delay:        1.837ns  (logic 1.373ns (74.745%)  route 0.464ns (25.255%))
  Logic Levels:           1  (OBUF=1)
  Clock Uncertainty:      0.176ns  ((TSJ^2 + DJ^2)^1/2) / 2 + PE
    Total System Jitter     (TSJ):    0.050ns
    Discrete Jitter          (DJ):    0.147ns
    Phase Error              (PE):    0.099ns
  Timing Exception:       False Path

    Location             Delay type                Incr(ns)  Path(ns)    Netlist Resource(s)
  -------------------------------------------------------------------    -------------------
                         (clock clk50_mmcm rise edge)
                                                      0.000     0.000 r  <hidden>
    N15                                               0.000     0.000 r  CLK_100MHZ
                         net (fo=0)                   0.000     0.000    CLK_100MHZ
    N15                  IBUF (Prop_ibuf_I_O)         0.209     0.209 r  CLK_100MHZ_IBUF_inst/O
                         net (fo=1, routed)           0.440     0.649    CLK_100MHZ_IBUF
    MMCME2_ADV_X0Y0      MMCME2_ADV (Prop_mmcme2_adv_CLKIN1_CLKOUT0)
                                                      0.050     0.699 r  u_mmcm/CLKOUT0
                         net (fo=1, routed)           0.489     1.188    clk50_mmcm
    BUFGCTRL_X0Y0        BUFG (Prop_bufg_I_O)         0.026     1.214 r  u_bufg_clk50/O
                         net (fo=1276, routed)        0.581     1.794    u_core/CLK
    SLICE_X0Y73          FDCE                                         r  u_core/dbg_advance_count_reg[1]/C
  -------------------------------------------------------------------    -------------------
    SLICE_X0Y73          FDCE (Prop_fdce_C_Q)         0.141     1.935 r  u_core/dbg_advance_count_reg[1]/Q
                         net (fo=5, routed)           0.464     2.399    LED_OBUF[6]
    E17                  OBUF (Prop_obuf_I_O)         1.232     3.632 r  LED_OBUF[6]_inst/O
                         net (fo=0)                   0.000     3.632    LED[6]
    E17                                                               r  LED[6]
  -------------------------------------------------------------------    -------------------

Slack:                    inf
  Source:                 u_core/dbg_advance_count_reg[3]/C
                            (rising edge-triggered cell FDCE clocked by clk50_mmcm  {rise@0.000ns fall@10.000ns period=20.000ns})
  Destination:            LED[8]
                            (output port)
  Path Group:             (none)
  Path Type:              Min at Fast Process Corner
  Data Path Delay:        1.853ns  (logic 1.388ns (74.906%)  route 0.465ns (25.094%))
  Logic Levels:           1  (OBUF=1)
  Clock Uncertainty:      0.176ns  ((TSJ^2 + DJ^2)^1/2) / 2 + PE
    Total System Jitter     (TSJ):    0.050ns
    Discrete Jitter          (DJ):    0.147ns
    Phase Error              (PE):    0.099ns
  Timing Exception:       False Path

    Location             Delay type                Incr(ns)  Path(ns)    Netlist Resource(s)
  -------------------------------------------------------------------    -------------------
                         (clock clk50_mmcm rise edge)
                                                      0.000     0.000 r  <hidden>
    N15                                               0.000     0.000 r  CLK_100MHZ
                         net (fo=0)                   0.000     0.000    CLK_100MHZ
    N15                  IBUF (Prop_ibuf_I_O)         0.209     0.209 r  CLK_100MHZ_IBUF_inst/O
                         net (fo=1, routed)           0.440     0.649    CLK_100MHZ_IBUF
    MMCME2_ADV_X0Y0      MMCME2_ADV (Prop_mmcme2_adv_CLKIN1_CLKOUT0)
                                                      0.050     0.699 r  u_mmcm/CLKOUT0
                         net (fo=1, routed)           0.489     1.188    clk50_mmcm
    BUFGCTRL_X0Y0        BUFG (Prop_bufg_I_O)         0.026     1.214 r  u_bufg_clk50/O
                         net (fo=1276, routed)        0.581     1.794    u_core/CLK
    SLICE_X0Y73          FDCE                                         r  u_core/dbg_advance_count_reg[3]/C
  -------------------------------------------------------------------    -------------------
    SLICE_X0Y73          FDCE (Prop_fdce_C_Q)         0.141     1.935 r  u_core/dbg_advance_count_reg[3]/Q
                         net (fo=3, routed)           0.465     2.400    LED_OBUF[8]
    C17                  OBUF (Prop_obuf_I_O)         1.247     3.648 r  LED_OBUF[8]_inst/O
                         net (fo=0)                   0.000     3.648    LED[8]
    C17                                                               r  LED[8]
  -------------------------------------------------------------------    -------------------

Slack:                    inf
  Source:                 u_core/dbg_advance_count_reg[4]/C
                            (rising edge-triggered cell FDCE clocked by clk50_mmcm  {rise@0.000ns fall@10.000ns period=20.000ns})
  Destination:            LED[9]
                            (output port)
  Path Group:             (none)
  Path Type:              Min at Fast Process Corner
  Data Path Delay:        1.902ns  (logic 1.426ns (74.960%)  route 0.476ns (25.040%))
  Logic Levels:           1  (OBUF=1)
  Clock Uncertainty:      0.176ns  ((TSJ^2 + DJ^2)^1/2) / 2 + PE
    Total System Jitter     (TSJ):    0.050ns
    Discrete Jitter          (DJ):    0.147ns
    Phase Error              (PE):    0.099ns
  Timing Exception:       False Path

    Location             Delay type                Incr(ns)  Path(ns)    Netlist Resource(s)
  -------------------------------------------------------------------    -------------------
                         (clock clk50_mmcm rise edge)
                                                      0.000     0.000 r  <hidden>
    N15                                               0.000     0.000 r  CLK_100MHZ
                         net (fo=0)                   0.000     0.000    CLK_100MHZ
    N15                  IBUF (Prop_ibuf_I_O)         0.209     0.209 r  CLK_100MHZ_IBUF_inst/O
                         net (fo=1, routed)           0.440     0.649    CLK_100MHZ_IBUF
    MMCME2_ADV_X0Y0      MMCME2_ADV (Prop_mmcme2_adv_CLKIN1_CLKOUT0)
                                                      0.050     0.699 r  u_mmcm/CLKOUT0
                         net (fo=1, routed)           0.489     1.188    clk50_mmcm
    BUFGCTRL_X0Y0        BUFG (Prop_bufg_I_O)         0.026     1.214 r  u_bufg_clk50/O
                         net (fo=1276, routed)        0.581     1.794    u_core/CLK
    SLICE_X0Y73          FDCE                                         r  u_core/dbg_advance_count_reg[4]/C
  -------------------------------------------------------------------    -------------------
    SLICE_X0Y73          FDCE (Prop_fdce_C_Q)         0.128     1.922 r  u_core/dbg_advance_count_reg[4]/Q
                         net (fo=2, routed)           0.476     2.399    LED_OBUF[9]
    B18                  OBUF (Prop_obuf_I_O)         1.298     3.696 r  LED_OBUF[9]_inst/O
                         net (fo=0)                   0.000     3.696    LED[9]
    B18                                                               r  LED[9]
  -------------------------------------------------------------------    -------------------

Slack:                    inf
  Source:                 u_core/dbg_advance_count_reg[2]/C
                            (rising edge-triggered cell FDCE clocked by clk50_mmcm  {rise@0.000ns fall@10.000ns period=20.000ns})
  Destination:            LED[7]
                            (output port)
  Path Group:             (none)
  Path Type:              Min at Fast Process Corner
  Data Path Delay:        1.938ns  (logic 1.429ns (73.732%)  route 0.509ns (26.268%))
  Logic Levels:           1  (OBUF=1)
  Clock Uncertainty:      0.176ns  ((TSJ^2 + DJ^2)^1/2) / 2 + PE
    Total System Jitter     (TSJ):    0.050ns
    Discrete Jitter          (DJ):    0.147ns
    Phase Error              (PE):    0.099ns
  Timing Exception:       False Path

    Location             Delay type                Incr(ns)  Path(ns)    Netlist Resource(s)
  -------------------------------------------------------------------    -------------------
                         (clock clk50_mmcm rise edge)
                                                      0.000     0.000 r  <hidden>
    N15                                               0.000     0.000 r  CLK_100MHZ
                         net (fo=0)                   0.000     0.000    CLK_100MHZ
    N15                  IBUF (Prop_ibuf_I_O)         0.209     0.209 r  CLK_100MHZ_IBUF_inst/O
                         net (fo=1, routed)           0.440     0.649    CLK_100MHZ_IBUF
    MMCME2_ADV_X0Y0      MMCME2_ADV (Prop_mmcme2_adv_CLKIN1_CLKOUT0)
                                                      0.050     0.699 r  u_mmcm/CLKOUT0
                         net (fo=1, routed)           0.489     1.188    clk50_mmcm
    BUFGCTRL_X0Y0        BUFG (Prop_bufg_I_O)         0.026     1.214 r  u_bufg_clk50/O
                         net (fo=1276, routed)        0.581     1.794    u_core/CLK
    SLICE_X0Y73          FDCE                                         r  u_core/dbg_advance_count_reg[2]/C
  -------------------------------------------------------------------    -------------------
    SLICE_X0Y73          FDCE (Prop_fdce_C_Q)         0.128     1.922 r  u_core/dbg_advance_count_reg[2]/Q
                         net (fo=4, routed)           0.509     2.431    LED_OBUF[7]
    D17                  OBUF (Prop_obuf_I_O)         1.301     3.732 r  LED_OBUF[7]_inst/O
                         net (fo=0)                   0.000     3.732    LED[7]
    D17                                                               r  LED[7]
  -------------------------------------------------------------------    -------------------

Slack:                    inf
  Source:                 u_core/u_stock_buffers/g_buf[3].staged_valid_reg/C
                            (rising edge-triggered cell FDCE clocked by clk50_mmcm  {rise@0.000ns fall@10.000ns period=20.000ns})
  Destination:            LED[3]
                            (output port)
  Path Group:             (none)
  Path Type:              Min at Fast Process Corner
  Data Path Delay:        1.930ns  (logic 1.367ns (70.790%)  route 0.564ns (29.210%))
  Logic Levels:           1  (OBUF=1)
  Clock Uncertainty:      0.176ns  ((TSJ^2 + DJ^2)^1/2) / 2 + PE
    Total System Jitter     (TSJ):    0.050ns
    Discrete Jitter          (DJ):    0.147ns
    Phase Error              (PE):    0.099ns
  Timing Exception:       False Path

    Location             Delay type                Incr(ns)  Path(ns)    Netlist Resource(s)
  -------------------------------------------------------------------    -------------------
                         (clock clk50_mmcm rise edge)
                                                      0.000     0.000 r  <hidden>
    N15                                               0.000     0.000 r  CLK_100MHZ
                         net (fo=0)                   0.000     0.000    CLK_100MHZ
    N15                  IBUF (Prop_ibuf_I_O)         0.209     0.209 r  CLK_100MHZ_IBUF_inst/O
                         net (fo=1, routed)           0.440     0.649    CLK_100MHZ_IBUF
    MMCME2_ADV_X0Y0      MMCME2_ADV (Prop_mmcme2_adv_CLKIN1_CLKOUT0)
                                                      0.050     0.699 r  u_mmcm/CLKOUT0
                         net (fo=1, routed)           0.489     1.188    clk50_mmcm
    BUFGCTRL_X0Y0        BUFG (Prop_bufg_I_O)         0.026     1.214 r  u_bufg_clk50/O
                         net (fo=1276, routed)        0.589     1.802    u_core/u_stock_buffers/CLK
    SLICE_X4Y60          FDCE                                         r  u_core/u_stock_buffers/g_buf[3].staged_valid_reg/C
  -------------------------------------------------------------------    -------------------
    SLICE_X4Y60          FDCE (Prop_fdce_C_Q)         0.141     1.943 r  u_core/u_stock_buffers/g_buf[3].staged_valid_reg/Q
                         net (fo=4, routed)           0.564     2.507    LED_OBUF[3]
    D15                  OBUF (Prop_obuf_I_O)         1.226     3.733 r  LED_OBUF[3]_inst/O
                         net (fo=0)                   0.000     3.733    LED[3]
    D15                                                               r  LED[3]
  -------------------------------------------------------------------    -------------------

Slack:                    inf
  Source:                 u_core/u_stock_buffers/g_buf[0].staged_valid_reg/C
                            (rising edge-triggered cell FDCE clocked by clk50_mmcm  {rise@0.000ns fall@10.000ns period=20.000ns})
  Destination:            LED[0]
                            (output port)
  Path Group:             (none)
  Path Type:              Min at Fast Process Corner
  Data Path Delay:        1.945ns  (logic 1.361ns (70.005%)  route 0.583ns (29.995%))
  Logic Levels:           1  (OBUF=1)
  Clock Uncertainty:      0.176ns  ((TSJ^2 + DJ^2)^1/2) / 2 + PE
    Total System Jitter     (TSJ):    0.050ns
    Discrete Jitter          (DJ):    0.147ns
    Phase Error              (PE):    0.099ns
  Timing Exception:       False Path

    Location             Delay type                Incr(ns)  Path(ns)    Netlist Resource(s)
  -------------------------------------------------------------------    -------------------
                         (clock clk50_mmcm rise edge)
                                                      0.000     0.000 r  <hidden>
    N15                                               0.000     0.000 r  CLK_100MHZ
                         net (fo=0)                   0.000     0.000    CLK_100MHZ
    N15                  IBUF (Prop_ibuf_I_O)         0.209     0.209 r  CLK_100MHZ_IBUF_inst/O
                         net (fo=1, routed)           0.440     0.649    CLK_100MHZ_IBUF
    MMCME2_ADV_X0Y0      MMCME2_ADV (Prop_mmcme2_adv_CLKIN1_CLKOUT0)
                                                      0.050     0.699 r  u_mmcm/CLKOUT0
                         net (fo=1, routed)           0.489     1.188    clk50_mmcm
    BUFGCTRL_X0Y0        BUFG (Prop_bufg_I_O)         0.026     1.214 r  u_bufg_clk50/O
                         net (fo=1276, routed)        0.591     1.804    u_core/u_stock_buffers/CLK
    SLICE_X3Y60          FDCE                                         r  u_core/u_stock_buffers/g_buf[0].staged_valid_reg/C
  -------------------------------------------------------------------    -------------------
    SLICE_X3Y60          FDCE (Prop_fdce_C_Q)         0.141     1.945 r  u_core/u_stock_buffers/g_buf[0].staged_valid_reg/Q
                         net (fo=4, routed)           0.583     2.529    LED_OBUF[0]
    C13                  OBUF (Prop_obuf_I_O)         1.220     3.749 r  LED_OBUF[0]_inst/O
                         net (fo=0)                   0.000     3.749    LED[0]
    C13                                                               r  LED[0]
  -------------------------------------------------------------------    -------------------

Slack:                    inf
  Source:                 u_core/u_stock_buffers/g_buf[2].staged_valid_reg/C
                            (rising edge-triggered cell FDCE clocked by clk50_mmcm  {rise@0.000ns fall@10.000ns period=20.000ns})
  Destination:            LED[2]
                            (output port)
  Path Group:             (none)
  Path Type:              Min at Fast Process Corner
  Data Path Delay:        1.946ns  (logic 1.359ns (69.854%)  route 0.587ns (30.146%))
  Logic Levels:           1  (OBUF=1)
  Clock Uncertainty:      0.176ns  ((TSJ^2 + DJ^2)^1/2) / 2 + PE
    Total System Jitter     (TSJ):    0.050ns
    Discrete Jitter          (DJ):    0.147ns
    Phase Error              (PE):    0.099ns
  Timing Exception:       False Path

    Location             Delay type                Incr(ns)  Path(ns)    Netlist Resource(s)
  -------------------------------------------------------------------    -------------------
                         (clock clk50_mmcm rise edge)
                                                      0.000     0.000 r  <hidden>
    N15                                               0.000     0.000 r  CLK_100MHZ
                         net (fo=0)                   0.000     0.000    CLK_100MHZ
    N15                  IBUF (Prop_ibuf_I_O)         0.209     0.209 r  CLK_100MHZ_IBUF_inst/O
                         net (fo=1, routed)           0.440     0.649    CLK_100MHZ_IBUF
    MMCME2_ADV_X0Y0      MMCME2_ADV (Prop_mmcme2_adv_CLKIN1_CLKOUT0)
                                                      0.050     0.699 r  u_mmcm/CLKOUT0
                         net (fo=1, routed)           0.489     1.188    clk50_mmcm
    BUFGCTRL_X0Y0        BUFG (Prop_bufg_I_O)         0.026     1.214 r  u_bufg_clk50/O
                         net (fo=1276, routed)        0.591     1.804    u_core/u_stock_buffers/CLK
    SLICE_X3Y60          FDCE                                         r  u_core/u_stock_buffers/g_buf[2].staged_valid_reg/C
  -------------------------------------------------------------------    -------------------
    SLICE_X3Y60          FDCE (Prop_fdce_C_Q)         0.141     1.945 r  u_core/u_stock_buffers/g_buf[2].staged_valid_reg/Q
                         net (fo=4, routed)           0.587     2.532    LED_OBUF[2]
    D14                  OBUF (Prop_obuf_I_O)         1.218     3.750 r  LED_OBUF[2]_inst/O
                         net (fo=0)                   0.000     3.750    LED[2]
    D14                                                               r  LED[2]
  -------------------------------------------------------------------    -------------------

Slack:                    inf
  Source:                 u_core/u_uart_protocol/rx_msg_toggle_reg/C
                            (rising edge-triggered cell FDCE clocked by clk50_mmcm  {rise@0.000ns fall@10.000ns period=20.000ns})
  Destination:            LED[12]
                            (output port)
  Path Group:             (none)
  Path Type:              Min at Fast Process Corner
  Data Path Delay:        2.009ns  (logic 1.371ns (68.282%)  route 0.637ns (31.718%))
  Logic Levels:           1  (OBUF=1)
  Clock Uncertainty:      0.176ns  ((TSJ^2 + DJ^2)^1/2) / 2 + PE
    Total System Jitter     (TSJ):    0.050ns
    Discrete Jitter          (DJ):    0.147ns
    Phase Error              (PE):    0.099ns
  Timing Exception:       False Path

    Location             Delay type                Incr(ns)  Path(ns)    Netlist Resource(s)
  -------------------------------------------------------------------    -------------------
                         (clock clk50_mmcm rise edge)
                                                      0.000     0.000 r  <hidden>
    N15                                               0.000     0.000 r  CLK_100MHZ
                         net (fo=0)                   0.000     0.000    CLK_100MHZ
    N15                  IBUF (Prop_ibuf_I_O)         0.209     0.209 r  CLK_100MHZ_IBUF_inst/O
                         net (fo=1, routed)           0.440     0.649    CLK_100MHZ_IBUF
    MMCME2_ADV_X0Y0      MMCME2_ADV (Prop_mmcme2_adv_CLKIN1_CLKOUT0)
                                                      0.050     0.699 r  u_mmcm/CLKOUT0
                         net (fo=1, routed)           0.489     1.188    clk50_mmcm
    BUFGCTRL_X0Y0        BUFG (Prop_bufg_I_O)         0.026     1.214 r  u_bufg_clk50/O
                         net (fo=1276, routed)        0.592     1.805    u_core/u_uart_protocol/CLK
    SLICE_X3Y58          FDCE                                         r  u_core/u_uart_protocol/rx_msg_toggle_reg/C
  -------------------------------------------------------------------    -------------------
    SLICE_X3Y58          FDCE (Prop_fdce_C_Q)         0.141     1.946 r  u_core/u_uart_protocol/rx_msg_toggle_reg/Q
                         net (fo=2, routed)           0.637     2.583    LED_OBUF[12]
    C18                  OBUF (Prop_obuf_I_O)         1.230     3.814 r  LED_OBUF[12]_inst/O
                         net (fo=0)                   0.000     3.814    LED[12]
    C18                                                               r  LED[12]
  -------------------------------------------------------------------    -------------------





--------------------------------------------------------------------------------------
Path Group:  (none)
From Clock:  
  To Clock:  clk50_mmcm

Max Delay             2 Endpoints
Min Delay             2 Endpoints
--------------------------------------------------------------------------------------


Max Delay Paths
--------------------------------------------------------------------------------------
Slack:                    inf
  Source:                 BTN[0]
                            (input port)
  Destination:            btn_meta_reg/D
                            (rising edge-triggered cell FDRE clocked by clk50_mmcm  {rise@0.000ns fall@10.000ns period=20.000ns})
  Path Group:             (none)
  Path Type:              Setup (Max at Slow Process Corner)
  Data Path Delay:        3.987ns  (logic 1.248ns (31.316%)  route 2.738ns (68.684%))
  Logic Levels:           1  (IBUF=1)
  Clock Path Skew:        5.147ns (DCD - SCD + CPR)
    Destination Clock Delay (DCD):    5.147ns
    Source Clock Delay      (SCD):    0.000ns
    Clock Pessimism Removal (CPR):    0.000ns
  Clock Uncertainty:      0.176ns  ((TSJ^2 + DJ^2)^1/2) / 2 + PE
    Total System Jitter     (TSJ):    0.050ns
    Discrete Jitter          (DJ):    0.147ns
    Phase Error              (PE):    0.099ns
  Timing Exception:       False Path

    Location             Delay type                Incr(ns)  Path(ns)    Netlist Resource(s)
  -------------------------------------------------------------------    -------------------
    J2                                                0.000     0.000 r  BTN[0]
                         net (fo=0)                   0.000     0.000    BTN[0]
    J2                   IBUF (Prop_ibuf_I_O)         1.248     1.248 r  BTN_IBUF[0]_inst/O
                         net (fo=1, routed)           2.738     3.987    BTN_IBUF[0]
    SLICE_X1Y43          FDRE                                         r  btn_meta_reg/D
  -------------------------------------------------------------------    -------------------

                         (clock clk50_mmcm rise edge)
                                                      0.000     0.000 r  <hidden>
    N15                                               0.000     0.000 r  CLK_100MHZ
                         net (fo=0)                   0.000     0.000    CLK_100MHZ
    N15                  IBUF (Prop_ibuf_I_O)         1.306     1.306 r  CLK_100MHZ_IBUF_inst/O
                         net (fo=1, routed)           1.004     2.309    CLK_100MHZ_IBUF
    MMCME2_ADV_X0Y0      MMCME2_ADV (Prop_mmcme2_adv_CLKIN1_CLKOUT0)
                                                      0.073     2.382 r  u_mmcm/CLKOUT0
                         net (fo=1, routed)           1.357     3.740    clk50_mmcm
    BUFGCTRL_X0Y0        BUFG (Prop_bufg_I_O)         0.077     3.817 r  u_bufg_clk50/O
                         net (fo=1276, routed)        1.330     5.147    clk50
    SLICE_X1Y43          FDRE                                         r  btn_meta_reg/C

Slack:                    inf
  Source:                 UART_RXD
                            (input port)
  Destination:            u_core/u_uart_rx/rx_meta_reg/D
                            (rising edge-triggered cell FDPE clocked by clk50_mmcm  {rise@0.000ns fall@10.000ns period=20.000ns})
  Path Group:             (none)
  Path Type:              Setup (Max at Slow Process Corner)
  Data Path Delay:        2.964ns  (logic 1.421ns (47.950%)  route 1.543ns (52.050%))
  Logic Levels:           1  (IBUF=1)
  Clock Path Skew:        5.058ns (DCD - SCD + CPR)
    Destination Clock Delay (DCD):    5.058ns
    Source Clock Delay      (SCD):    0.000ns
    Clock Pessimism Removal (CPR):    0.000ns
  Clock Uncertainty:      0.176ns  ((TSJ^2 + DJ^2)^1/2) / 2 + PE
    Total System Jitter     (TSJ):    0.050ns
    Discrete Jitter          (DJ):    0.147ns
    Phase Error              (PE):    0.099ns
  Timing Exception:       False Path

    Location             Delay type                Incr(ns)  Path(ns)    Netlist Resource(s)
  -------------------------------------------------------------------    -------------------
    A16                                               0.000     0.000 r  UART_RXD
                         net (fo=0)                   0.000     0.000    UART_RXD
    A16                  IBUF (Prop_ibuf_I_O)         1.421     1.421 r  UART_RXD_IBUF_inst/O
                         net (fo=1, routed)           1.543     2.964    u_core/u_uart_rx/UART_RXD
    SLICE_X8Y67          FDPE                                         r  u_core/u_uart_rx/rx_meta_reg/D
  -------------------------------------------------------------------    -------------------

                         (clock clk50_mmcm rise edge)
                                                      0.000     0.000 r  <hidden>
    N15                                               0.000     0.000 r  CLK_100MHZ
                         net (fo=0)                   0.000     0.000    CLK_100MHZ
    N15                  IBUF (Prop_ibuf_I_O)         1.306     1.306 r  CLK_100MHZ_IBUF_inst/O
                         net (fo=1, routed)           1.004     2.309    CLK_100MHZ_IBUF
    MMCME2_ADV_X0Y0      MMCME2_ADV (Prop_mmcme2_adv_CLKIN1_CLKOUT0)
                                                      0.073     2.382 r  u_mmcm/CLKOUT0
                         net (fo=1, routed)           1.357     3.740    clk50_mmcm
    BUFGCTRL_X0Y0        BUFG (Prop_bufg_I_O)         0.077     3.817 r  u_bufg_clk50/O
                         net (fo=1276, routed)        1.241     5.058    u_core/u_uart_rx/CLK
    SLICE_X8Y67          FDPE                                         r  u_core/u_uart_rx/rx_meta_reg/C





Min Delay Paths
--------------------------------------------------------------------------------------
Slack:                    inf
  Source:                 UART_RXD
                            (input port)
  Destination:            u_core/u_uart_rx/rx_meta_reg/D
                            (rising edge-triggered cell FDPE clocked by clk50_mmcm  {rise@0.000ns fall@10.000ns period=20.000ns})
  Path Group:             (none)
  Path Type:              Hold (Min at Fast Process Corner)
  Data Path Delay:        1.061ns  (logic 0.258ns (24.317%)  route 0.803ns (75.683%))
  Logic Levels:           1  (IBUF=1)
  Clock Path Skew:        2.317ns (DCD - SCD - CPR)
    Destination Clock Delay (DCD):    2.317ns
    Source Clock Delay      (SCD):    0.000ns
    Clock Pessimism Removal (CPR):    -0.000ns
  Timing Exception:       False Path

    Location             Delay type                Incr(ns)  Path(ns)    Netlist Resource(s)
  -------------------------------------------------------------------    -------------------
    A16                                               0.000     0.000 r  UART_RXD
                         net (fo=0)                   0.000     0.000    UART_RXD
    A16                  IBUF (Prop_ibuf_I_O)         0.258     0.258 r  UART_RXD_IBUF_inst/O
                         net (fo=1, routed)           0.803     1.061    u_core/u_uart_rx/UART_RXD
    SLICE_X8Y67          FDPE                                         r  u_core/u_uart_rx/rx_meta_reg/D
  -------------------------------------------------------------------    -------------------

                         (clock clk50_mmcm rise edge)
                                                      0.000     0.000 r  <hidden>
    N15                                               0.000     0.000 r  CLK_100MHZ
                         net (fo=0)                   0.000     0.000    CLK_100MHZ
    N15                  IBUF (Prop_ibuf_I_O)         0.396     0.396 r  CLK_100MHZ_IBUF_inst/O
                         net (fo=1, routed)           0.480     0.876    CLK_100MHZ_IBUF
    MMCME2_ADV_X0Y0      MMCME2_ADV (Prop_mmcme2_adv_CLKIN1_CLKOUT0)
                                                      0.053     0.929 r  u_mmcm/CLKOUT0
                         net (fo=1, routed)           0.534     1.463    clk50_mmcm
    BUFGCTRL_X0Y0        BUFG (Prop_bufg_I_O)         0.029     1.492 r  u_bufg_clk50/O
                         net (fo=1276, routed)        0.825     2.317    u_core/u_uart_rx/CLK
    SLICE_X8Y67          FDPE                                         r  u_core/u_uart_rx/rx_meta_reg/C

Slack:                    inf
  Source:                 BTN[0]
                            (input port)
  Destination:            btn_meta_reg/D
                            (rising edge-triggered cell FDRE clocked by clk50_mmcm  {rise@0.000ns fall@10.000ns period=20.000ns})
  Path Group:             (none)
  Path Type:              Hold (Min at Fast Process Corner)
  Data Path Delay:        1.882ns  (logic 0.394ns (20.914%)  route 1.488ns (79.086%))
  Logic Levels:           1  (IBUF=1)
  Clock Path Skew:        2.357ns (DCD - SCD - CPR)
    Destination Clock Delay (DCD):    2.357ns
    Source Clock Delay      (SCD):    0.000ns
    Clock Pessimism Removal (CPR):    -0.000ns
  Timing Exception:       False Path

    Location             Delay type                Incr(ns)  Path(ns)    Netlist Resource(s)
  -------------------------------------------------------------------    -------------------
    J2                                                0.000     0.000 r  BTN[0]
                         net (fo=0)                   0.000     0.000    BTN[0]
    J2                   IBUF (Prop_ibuf_I_O)         0.394     0.394 r  BTN_IBUF[0]_inst/O
                         net (fo=1, routed)           1.488     1.882    BTN_IBUF[0]
    SLICE_X1Y43          FDRE                                         r  btn_meta_reg/D
  -------------------------------------------------------------------    -------------------

                         (clock clk50_mmcm rise edge)
                                                      0.000     0.000 r  <hidden>
    N15                                               0.000     0.000 r  CLK_100MHZ
                         net (fo=0)                   0.000     0.000    CLK_100MHZ
    N15                  IBUF (Prop_ibuf_I_O)         0.396     0.396 r  CLK_100MHZ_IBUF_inst/O
                         net (fo=1, routed)           0.480     0.876    CLK_100MHZ_IBUF
    MMCME2_ADV_X0Y0      MMCME2_ADV (Prop_mmcme2_adv_CLKIN1_CLKOUT0)
                                                      0.053     0.929 r  u_mmcm/CLKOUT0
                         net (fo=1, routed)           0.534     1.463    clk50_mmcm
    BUFGCTRL_X0Y0        BUFG (Prop_bufg_I_O)         0.029     1.492 r  u_bufg_clk50/O
                         net (fo=1276, routed)        0.866     2.357    clk50
    SLICE_X1Y43          FDRE                                         r  btn_meta_reg/C





